,cloud,wind,ave_tmp,max_tmp,min_tmp,rain
2018/5/17,9,3.7,24,28.4,21.4,0
2018/5/18,7.8,3,23.4,27.1,20,0
2018/5/19,7.5,3.9,21.5,26.3,15.3,0
2018/5/20,4.3,3.5,16.8,22.1,13.1,0
2018/5/21,10,2.4,20.3,27.2,13.7,0
2018/5/22,0.3,3.1,21,27.3,15,0
2018/5/23,10,2.3,18.6,22,17,9
2018/5/24,6,2.8,20.7,25.7,16.1,6
2018/5/25,8.3,3.7,22.8,27.1,18.7,0
2018/5/26,9.8,2.7,21.4,25.2,18,0
2018/5/27,3.3,2.9,21.3,26.9,16.2,0
2018/5/28,10,2.5,21.6,26,18.8,0
2018/5/29,10,3.2,23,27.6,19.3,0
2018/5/30,10,2.6,21.1,25,17.4,8.5
2018/5/31,10,2.4,19.5,22,16.5,0
2018/6/1,8,3.4,21.7,27.5,17.3,0
2018/6/2,3.8,2.4,21.9,27.2,16.9,0
2018/6/3,4.3,2.8,22.5,28.6,17.3,0
2018/6/4,3,2.8,23.5,29.1,18.5,0
2018/6/5,7.5,2.3,23.2,28.3,18.2,0
2018/6/6,10,1.7,20.3,22.8,18.3,12.5
2018/6/7,7.8,2.6,22.2,27.3,18.2,1.5
2018/6/8,7.3,4,23.7,27.5,19.3,1
2018/6/9,8.8,2.7,25.7,32,21.2,0
2018/6/10,10,3,20,22,18.6,31
2018/6/11,10,2.9,18.9,19.9,18.1,50
2018/6/12,10,2.2,20.5,26.4,17.8,0
2018/6/13,8,2.7,21.5,27,18.3,0
2018/6/14,10,3.4,20.6,25.2,18.6,0
2018/6/15,10,3.2,17.6,20,15.4,9.5
2018/6/16,10,2.8,15.9,18.4,14.2,3
2018/6/17,10,2.3,18.7,22.5,15.1,0
2018/6/18,10,1.9,19.4,21.2,17.7,2
2018/6/19,9.8,3,22.7,28.8,18.2,0
2018/6/20,10,2.7,20.8,21.7,19.4,24.5
2018/6/21,9.5,2,21.2,24.4,19,2
2018/6/22,7.3,2.7,23.1,28.1,19.4,0
2018/6/23,10,1.7,20.6,23,17.9,16
2018/6/24,10,2.1,21.3,27,18.4,2.5
2018/6/25,2.8,2.4,26.2,32.6,19.7,0
2018/6/26,7.5,3.6,25.7,30.1,22.3,0
2018/6/27,9,7,27.7,31.7,24.9,0
2018/6/28,8,6,27.4,31.9,25.2,0
2018/6/29,4,6.9,28.2,32.9,25.4,0
2018/6/30,6,5.8,28.6,32.7,25.2,0
2018/7/1,1.5,5.1,28.1,32,25.4,0
2018/7/2,0,3.7,28.8,33.5,24,0
2018/7/3,7.8,5,28.4,32.7,25.6,0
2018/7/4,10,6.6,27.6,31.2,25.5,0
2018/7/5,10,6.9,26.7,28.7,24.8,2
2018/7/6,10,3.1,21.7,25,19.1,28.5
2018/7/7,10,3.8,25,29.6,19.3,0
2018/7/8,10,3.9,27.4,32.2,24.5,0
2018/7/9,7.8,3.2,27.3,31.6,24.2,3.5
2018/7/10,6,3.7,28.5,32.8,25.4,0
2018/7/11,10,2.1,29,34.2,25.2,0
2018/7/12,10,2.6,26.6,30,23.1,3.5
2018/7/13,8.5,2.7,29.1,33.8,25.5,0
2018/7/14,7,2.8,30.1,35.4,26.2,0
2018/7/15,3,3.2,29.7,34.5,26.3,0
2018/7/16,9.8,3,29.9,34.4,26.3,0
2018/7/17,10,3.4,29.9,34.8,26.9,0
2018/7/18,5.3,3,30.5,35.3,26.7,0
2018/7/19,7.3,3.6,29.9,34.8,26.6,0
2018/7/20,3.5,4.4,29.9,34.2,27,0
2018/7/21,6.5,3.2,30.5,34.9,26.9,0
2018/7/22,8.3,2.4,31,35.6,26.6,0
2018/7/23,7.5,2.9,32.2,39,28.5,0
2018/7/24,6.3,2.8,29.8,35.3,26.3,2.5
2018/7/25,10,3,28.1,32.2,25.7,0
2018/7/26,9.8,2.9,26.5,30.7,24.3,0
2018/7/27,9.5,3.1,25.4,28.5,23.5,0
2018/7/28,10,4.2,24,28,20.1,52
2018/7/29,9,3.6,27.9,32.3,25.4,15
2018/7/30,8.8,2.6,28,31.9,25,0
2018/7/31,4.5,2.6,28.4,33.8,24.4,0
2018/8/1,1.8,2.6,30.3,35.1,24.8,0
2018/8/2,6.5,2.5,31.2,37.3,26.7,0
2018/8/3,6,2.6,30.5,35.4,27.3,0
2018/8/4,7.3,2.8,29.8,34.1,26.1,0
2018/8/5,4.5,3.3,30.4,34.7,27.2,0
2018/8/6,10,3,28.7,34,25,0
2018/8/7,10,3.3,22.2,25,20.8,4.5
2018/8/8,10,3.9,23.6,25.1,21.6,41
2018/8/9,8.3,5,27.4,32.1,23.8,4
2018/8/10,5.8,3.8,29.8,34.5,27,0
2018/8/11,9.5,2.3,28.7,33.6,26,0.5
2018/8/12,10,2.2,27.7,31.1,25.6,0
2018/8/13,10,2,27.5,34.1,24.6,10.5
2018/8/14,6,3.8,28.8,34.1,23.9,0
2018/8/15,9.5,5.8,29.7,33.1,27.2,0
2018/8/16,9,5.9,29.1,32.3,25.8,0
2018/8/17,4,5.5,26.3,30,21.3,0
2018/8/18,7.8,2.9,22.7,27.2,18.3,0
2018/8/19,7.8,2.5,23.6,28.6,19.4,0
2018/8/20,10,1.7,24.7,27.6,20.9,0
2018/8/21,6,3.5,28.2,33.6,23.7,0
2018/8/22,2.8,4.9,29.7,34.1,26.9,0
2018/8/23,8.5,4.8,29.4,33.7,26.2,0
2018/8/24,10,7.4,28.2,31.4,26.3,7.5
2018/8/25,5.5,4.3,31.1,35.6,27.6,0
2018/8/26,3.5,2.1,31,36,26.4,0
2018/8/27,4.5,2.9,29.4,35.8,24.5,16
2018/8/28,10,2.3,26.6,30.5,23.5,1
2018/8/29,10,2.4,26.1,29.2,24.1,0.5
2018/8/30,9.3,2.9,28.8,34,25,0
2018/8/31,9.3,2.5,28.7,35.4,25.1,1
2018/9/1,8.5,2.5,25.9,31.4,21,6
2018/9/2,10,2,22.1,23.7,20.7,7.5
2018/9/3,10,1.8,23.6,26.1,22,4
2018/9/4,10,5.9,26.5,28.7,22.8,14.5
2018/9/5,6.5,6.6,27.6,32,22.5,8.5
2018/9/6,8.8,3.7,27.6,31.5,24.8,0
2018/9/7,9.3,5.4,27.5,30.4,24.9,0
2018/9/8,8.3,5.3,28.8,33,26.3,0
2018/9/9,8.3,4.9,28.3,32.1,26.1,0
2018/9/10,10,3.6,25.5,30.6,21.4,38.5
2018/9/11,10,3.7,21.4,23.9,19.3,4
2018/9/12,9.5,2.9,21,24.4,18.1,0
2018/9/13,10,2.1,22.4,27.3,18.5,0
2018/9/14,10,2,21.9,24.9,19.9,7.5
2018/9/15,10,1.5,20.5,22.2,19.1,14.5
2018/9/16,8.8,1.8,23.1,27.4,20.1,0
2018/9/17,9.5,2.3,24.7,31.2,21.1,26
2018/9/18,7.8,2.7,23.3,28.1,20.3,40.5
2018/9/19,7.3,2.8,22.2,27.4,18.2,0
2018/9/20,10,2.1,19.9,24,15.4,40.5
2018/9/21,10,3.5,17.7,19,15.6,36
2018/9/22,8.5,1.2,21.5,25.8,18.7,0
2018/9/23,9.3,2.3,24.5,28.4,21.8,0
2018/9/24,9.8,2,24.4,28.6,21.2,1.5
2018/9/25,10,2.5,21.3,25.2,18.6,14.5
2018/9/26,10,2.5,17.7,19.9,15.7,38.5
2018/9/27,10,2.9,15.9,17.5,14.7,19
2018/9/28,1.5,2.1,19.7,26,14.1,0
2018/9/29,10,2.1,18.8,21.3,17.2,9.5
2018/9/30,10,3.5,20.4,27,16.9,34
2018/10/1,6.5,6.1,26.1,32.3,20.4,18
2018/10/2,3.3,2.9,22,26.9,17.5,0
2018/10/3,8.3,2.3,21,23.3,18.1,0
2018/10/4,10,2.4,20.1,21.4,18.7,0
2018/10/5,10,2.4,18.7,20.1,17.8,9.5
2018/10/6,7.3,3.4,23.7,29.3,18.4,0
2018/10/7,2.8,4.4,27.5,32.3,23.9,0
2018/10/8,9,2.7,21.9,24.1,18.7,0
2018/10/9,5.8,2.2,21.9,26.4,17.9,0
2018/10/10,9,2.4,22.4,26.4,18.7,0.5
2018/10/11,10,2,21.7,23.7,19.7,1
2018/10/12,10,2.8,20,22.5,18.4,0
2018/10/13,10,2.6,17.4,18.5,15.6,0
2018/10/14,9.8,2.3,16.4,19.6,13.2,7.5
2018/10/15,10,1.5,18.1,21.1,16.2,0.5
2018/10/16,9,2.1,18.4,21.2,15.5,0
2018/10/17,9.5,2.5,18.2,22.3,14.9,1
2018/10/18,5.8,2.6,17.2,21.7,13.7,0
2018/10/19,9.5,2.5,16.6,20.1,14.3,0.5
2018/10/20,7.5,2.8,16.6,22,13,9
2018/10/21,0,2.6,16.6,21.6,12.8,0
2018/10/22,3.5,2.1,16.6,21.6,11.6,0
2018/10/23,10,2.7,14.6,16,12.6,1.5
2018/10/24,7.8,2.2,17.7,22.7,13.7,0.5
2018/10/25,2,2.3,18.1,22.4,14,0
2018/10/26,9.5,2.3,18,21.6,14.8,0
2018/10/27,7.3,2.1,19.1,24.4,15.9,12
2018/10/28,5,2.2,16.9,21.1,13.9,0
2018/10/29,0,2.4,17,22.2,12.2,0
2018/10/30,1.5,2.3,17,22.9,11.8,0
2018/10/31,8.8,2.6,15,19.9,11.9,0
2018/11/1,4.3,3.1,14.7,19.5,11.5,0
2018/11/2,2,2.2,14.5,18.8,10.1,0
2018/11/3,3.5,2.1,14.9,20.2,10.6,0
2018/11/4,9.8,2,14.8,16.4,13,0
2018/11/5,9.3,1.8,18,21.9,14.5,1.5
2018/11/6,10,1.9,17.6,21.1,16.2,35.5
2018/11/7,7.5,2.8,16.6,20,13.8,0
2018/11/8,7,2.7,16.9,20.7,13.1,0
2018/11/9,10,1.8,15.6,17.3,14.2,7
2018/11/10,6.3,2.2,18.1,22.8,15,1.5
2018/11/11,5,2,16.3,20.1,13.5,0
2018/11/12,10,1.8,15.7,19,12.8,0.5
2018/11/13,10,2.7,14.9,16.6,12.6,1.5
2018/11/14,4.3,2.7,13.6,16.7,10.1,0
2018/11/15,0,2.1,12.5,17,8.7,0
2018/11/16,7,1.9,13,17.2,8.1,0
2018/11/17,6.5,2.1,14.9,19.5,11.1,0
2018/11/18,10,2.1,13.8,17.2,10.8,0
2018/11/19,10,1.9,13.4,16.3,10.8,8.5
2018/11/20,7.3,2.1,11.3,15.3,8.2,1
2018/11/21,5.3,1.6,11.6,16.3,5.8,1.5
2018/11/22,7.5,2,10.7,13.5,7.9,4
2018/11/23,4.3,2.3,10.8,15.3,6.6,0
2018/11/24,8,2,9.4,12.1,7.5,0
2018/11/25,8.3,2,10.1,14.5,6.5,0
2018/11/26,9.8,1.9,12.4,17.7,7.1,0
2018/11/27,5.5,1.9,13.8,17.9,11.5,0
2018/11/28,5,1.6,14.1,18.1,8.9,0
2018/11/29,10,2.5,12.8,15.3,10.8,0.5
2018/11/30,2.8,2.4,12.4,16,8.1,0
2018/12/1,5.3,2.7,12,17.2,7.7,0
2018/12/2,10,2.2,10,11.6,7.7,0
2018/12/3,10,1.5,13.2,17,9.7,0
2018/12/4,9.3,2.9,17.7,23.4,12.3,0
2018/12/5,8.5,3.1,16.8,20.2,13.1,0
2018/12/6,10,2.4,10.1,13.2,8.3,18
2018/12/7,10,1.8,12.2,16.4,9,0
2018/12/8,7.3,2.3,9.3,12.2,6.3,0
2018/12/9,8.3,3.1,7.8,10.5,5.5,0
2018/12/10,6.3,2.5,5.9,8.4,4.1,0
2018/12/11,7.5,2.4,4.7,7.3,1.4,7
2018/12/12,9,3.4,6.9,10.8,3.2,15
2018/12/13,6.8,2.6,6.7,9.6,4.2,0.5
2018/12/14,3.5,4,6.3,10.3,2.5,0
2018/12/15,1.3,3.3,6.1,9.5,2.6,0
2018/12/16,7,1.7,3.3,5.8,0.4,0
2018/12/17,6,1.6,6.6,11.5,3,2.5
2018/12/18,2.5,2.9,8.9,12.8,5.1,0
2018/12/19,0.5,2,8.2,12.7,3.7,0
2018/12/20,6.3,1.6,8.7,14.1,4.2,0
2018/12/21,3.3,1.8,8.9,13.7,3.9,0
2018/12/22,9.3,1.7,9,11,6.5,0.5
2018/12/23,9.8,1.7,9.9,12.6,7.5,0.5
2018/12/24,2.3,4,8.2,11.3,4.3,0
2018/12/25,7.3,1.8,5.8,9.4,2.6,0
2018/12/26,7.3,1.6,7.3,11.7,1.2,0
2018/12/27,3,2.3,9,13.2,4.9,0
2018/12/28,0.5,4.6,4.8,8.4,1.8,0
2018/12/29,2,3.1,4.3,9.8,-0.7,0
2018/12/30,0.3,3.9,4.8,10.1,0.1,0
2018/12/31,4,2.8,4.9,8.9,0.8,0
2019/1/1,0.5,2.3,5.3,10.7,0.9,0
2019/1/2,0.3,2.9,6.2,10.9,2.2,0
2019/1/3,0,3.1,4.9,10.9,-0.3,0
2019/1/4,1.5,2,5.1,9.8,0.2,0
2019/1/5,0.5,2.1,7.4,14,0.9,0
2019/1/6,6.3,3,5.3,8,2.4,0
2019/1/7,1.5,2.8,5.4,10.6,0.4,0
2019/1/8,4.3,1.6,4.6,9.8,0.7,0
2019/1/9,0.8,4.7,4.5,8,1,0
2019/1/10,3.8,1.8,2,5.2,-1.2,0
2019/1/11,0.8,2.9,6.4,12.2,-0.2,0
2019/1/12,10,2,4.6,6.2,2.7,0
2019/1/13,5.3,2.2,6.2,10.1,3.9,0
2019/1/14,0.8,2,5.6,9.8,1.3,0
2019/1/15,6,2.3,5.6,10.5,0.4,0.5
2019/1/16,7.5,2.9,6.6,11.3,1.8,0
2019/1/17,3,2.2,6.6,11.6,2,0
2019/1/18,0,3.9,5.9,10,2.8,0
2019/1/19,1.3,2.5,6.6,11.7,1.9,0
2019/1/20,0.8,2.4,7.1,12,1.8,0
2019/1/21,0.3,3.2,5.8,10.5,2.5,0
2019/1/22,0.8,2.7,5,10.6,-0.2,0
2019/1/23,3,2.6,6.7,11.2,1.7,0
2019/1/24,0,4.4,6.2,10.2,3.4,0
2019/1/25,5.8,3,6,10,2.8,0
2019/1/26,4.5,4.4,4.5,9.9,1.5,0
2019/1/27,0,4.4,4.6,9.7,1.1,0
2019/1/28,5,2.6,6.5,13.2,0,0
2019/1/29,0.3,5.3,6,9.9,3,0
2019/1/30,2,1.9,5.2,10,0.2,0
2019/1/31,10,1.9,5.1,11.2,1.7,15.5
2019/2/1,0.5,4.1,4.1,8.3,1.3,0
2019/2/2,0.8,2,6,12.6,-0.9,0
2019/2/3,3,2.1,8.5,13.4,3,0
2019/2/4,2.3,4.3,13.2,19.4,6.7,0
2019/2/5,9,2.4,6.7,8.8,5.3,0
2019/2/6,7.5,2.3,5.7,7.7,3.9,15
2019/2/7,7.8,2.2,9.6,16.5,3.9,0
2019/2/8,7.3,3.8,6.1,10.6,3.3,0
2019/2/9,10,2.6,0.8,3.5,-0.5,2
2019/2/10,7.8,2.9,3.5,7.9,-1.2,0
2019/2/11,10,1.8,3,4.6,0.4,0
2019/2/12,4,2.7,6.2,11.1,0.9,0
2019/2/13,9.3,2.2,5.2,8.6,3.3,0
2019/2/14,7.5,3.8,4.5,8.5,1.8,0
2019/2/15,9.5,2,3,5.3,0,0
2019/2/16,6.8,2.3,6.8,13.9,2,0
2019/2/17,4.3,3.8,6.4,11.8,3.4,0
2019/2/18,0.8,2.4,8.2,14.6,2,0
2019/2/19,10,2,9.1,12.8,6.1,1.5
2019/2/20,6.8,2.3,11.6,19.5,5.4,0.5
2019/2/21,3.3,3.9,10.3,14.8,7.3,0
2019/2/22,7.8,2.5,9.3,13.7,4.1,0
2019/2/23,6.5,4,8.9,14.7,5.6,0
2019/2/24,6.3,2.6,8.8,13.6,2.3,0
2019/2/25,7.8,1.8,11.3,17.1,6.6,0
2019/2/26,8.3,2.6,10.2,12.5,7.8,0
2019/2/27,10,2,7.7,10.6,4,0.5
2019/2/28,10,2.3,6.6,7.6,5.1,22.5
2019/3/1,8.8,2,8.8,13.1,6.5,1.5
2019/3/2,5.3,3.6,10.3,14.7,6.4,0
2019/3/3,10,2.7,6.5,10.4,4.4,13.5
2019/3/4,10,3.5,7.3,9.5,5.4,27.5
2019/3/5,6,2.4,9.6,15.8,4.3,0.5
2019/3/6,10,1.5,10.8,14.2,8,3
2019/3/7,9.3,2.6,8.2,10.3,4.3,28
2019/3/8,0,4.8,7.3,12.5,3.9,0
2019/3/9,2,3.6,10,16.9,2.3,0
2019/3/10,9.8,2,12.5,16.4,6.9,6.5
2019/3/11,6.5,3.5,12.3,17.8,9.4,32
2019/3/12,2.5,3,12.4,17.1,8.3,0
2019/3/13,2,3.6,11.7,19.1,5.6,0
2019/3/14,4.3,2.4,8.4,14.3,3.3,0
2019/3/15,3.3,3.2,9.7,15,4.1,0
2019/3/16,6.3,2.4,8.9,13.9,6.4,0
2019/3/17,5,2.7,9.1,15.3,3.5,0
2019/3/18,4,3.2,9.7,14.5,4.1,0
2019/3/19,10,2.2,13.2,19.2,6.3,0
2019/3/20,2,2.7,15,21.5,8.5,0
2019/3/21,8.3,5.9,17.7,22.3,13.9,0
2019/3/22,9.8,3.7,16.2,23.9,8.7,0
2019/3/23,10,3.2,7.1,9,4.4,0
2019/3/24,0.8,2.5,8.2,15.4,1.1,0
2019/3/25,7.5,2.4,9.9,15,3.9,0
2019/3/26,5.8,2.1,11.9,15.9,9.7,0
2019/3/27,3,4.3,14.2,19.7,7.3,0
2019/3/28,9.3,3.4,13.6,16.9,9,0
2019/3/29,10,2.6,7.7,9.3,6.8,0
2019/3/30,10,2.2,8.7,11.7,7.2,3.5
2019/3/31,7.3,2.2,10.5,16.3,7.3,1.5
2019/4/1,6,3.1,8.8,16.2,4.2,5.5
2019/4/2,3.8,3.1,7.2,13.1,2.3,0
2019/4/3,0.3,3.8,8.1,14.1,2.7,0
2019/4/4,1.5,2.8,10.6,16.7,3.4,0
2019/4/5,3.5,4,15.4,22.5,6.7,0
2019/4/6,2.8,2.8,15.9,21.6,11,0
2019/4/7,3.5,2.2,15.5,21.6,10.4,0
2019/4/8,10,3.1,9.3,14.8,5.9,11
2019/4/9,2.3,3.8,10.3,16.9,4.3,0
2019/4/10,10,2.8,5.7,10.2,3.6,29.5
2019/4/11,9.5,4.8,10.4,16.7,4.4,1.5
2019/4/12,10,2.3,9.6,12.6,7.5,0
2019/4/13,2.8,3.2,12.1,18.2,5.5,0
2019/4/14,10,3.6,14.7,18.3,9.7,0
2019/4/15,4,4,16,22.7,11.6,5
2019/4/16,2.3,4.2,15.3,21,10.1,0
2019/4/17,9.5,2.6,15.5,19.5,11,0
2019/4/18,5.3,3,17.5,23.5,13.4,0
2019/4/19,9.8,2.9,18.3,23.6,14.3,0
2019/4/20,5.3,3.7,14.2,19.1,9.8,0
2019/4/21,8,2.3,17.5,23.1,12.2,0
2019/4/22,9,2.6,19.2,25.6,14.4,0
2019/4/23,10,3.3,18.7,23.3,15.3,0
2019/4/24,10,4.5,19.1,20.6,17.5,3
2019/4/25,8.8,2.8,20.3,24.3,18.1,4
2019/4/26,10,3.3,11.6,20,9.5,4.5
2019/4/27,7.5,3.3,10.2,13.2,8,6.5
2019/4/28,6.3,3.9,12.6,18.7,6,0
2019/4/29,10,3.1,14.8,19.8,10.5,0
2019/4/30,10,3.1,14.8,17.4,12.8,20
2019/5/1,10,2.3,17.4,23.4,14.3,26
2019/5/2,6,1.9,17.3,23.9,13.8,3.5
2019/5/3,9,2.3,18.5,25,11,0
2019/5/4,7.8,2.5,18.4,24.8,14.1,0
2019/5/5,5.3,3,18.9,25.2,12.5,0
2019/5/6,8.3,4.5,18.8,22.1,15.1,0
2019/5/7,7.5,3.3,15.3,20.9,10.8,0
2019/5/8,2.5,4.2,16.5,22.7,7.9,0
2019/5/9,8.3,3.7,18.6,22.7,14.3,0
2019/5/10,6.8,2.6,20.6,27.1,13.9,0
2019/5/11,5.5,2.7,20.9,27.8,15.3,0
2019/5/12,8.3,3.1,17.6,22.2,14.5,0
2019/5/13,9.8,3.1,17.7,22.6,13.3,0
2019/5/14,9.8,3.6,17.9,19.3,16.1,0.5
2019/5/15,9.5,3.6,18.7,23.8,15.7,0
2019/5/16,6.8,2.7,20,24.6,16,0
2019/5/17,2.8,3,20,25.9,15.3,0
2019/5/18,8.8,3.5,20.3,25.6,15.6,0
2019/5/19,8.5,3.9,20.5,25.2,17.5,0
2019/5/20,9.3,4.3,20.5,25,16.5,0
2019/5/21,10,4.6,19.4,21.9,16.3,82
2019/5/22,8,2.6,19.4,25.2,14.1,0
2019/5/23,4,3,21.3,27,15.2,0
2019/5/24,0.3,2.7,23.1,31,16.4,0
2019/5/25,0,2.7,24.4,31.9,17,0
2019/5/26,5.3,2.3,25.2,32.6,18.6,0
2019/5/27,5,3,26.1,32.4,19.9,0
2019/5/28,10,5.8,23.5,28.1,19.1,1
2019/5/29,10,3.4,20.2,25.1,16.8,7.5
2019/5/30,5.8,3.6,21.2,26,16.6,0
2019/5/31,10,3.8,21.6,24.2,19.5,0
2019/6/1,10,2.8,21.8,25.7,18.6,0
2019/6/2,10,2.3,22,25,19,0
2019/6/3,9.5,2.9,22.2,27,18.7,0
2019/6/4,7.8,3.1,22.4,27.7,17.6,0
2019/6/5,9.3,2.9,22.6,25.8,20,0
2019/6/6,6,2.7,25.2,32.3,18.7,0
2019/6/7,10,2.1,21,23.4,19,19.5
2019/6/8,9.3,2.2,20.8,25.4,18.7,0
2019/6/9,10,2.7,17.5,20.7,15.9,10
2019/6/10,10,2.9,16.2,17.4,14.9,92.5
2019/6/11,8.8,2.8,18.3,23.6,15,1
2019/6/12,9.5,2.1,18,21.5,14.5,0.5
2019/6/13,1.5,3.2,20.7,26.4,13.9,0
2019/6/14,7.5,3.7,22.2,26.8,17.7,0
2019/6/15,10,2.6,17.3,20.9,16.2,51
2019/6/16,3.3,3.6,23.5,30.7,16.9,5
2019/6/17,6.5,4.2,23.6,28.7,17.4,0
2019/6/18,6,3.5,23.4,27.7,20,0
2019/6/19,6,3,23.5,28.6,18.8,0
2019/6/20,9.3,2.7,24.1,29.1,21.1,0
2019/6/21,10,4,24.6,29.5,22.3,0
2019/6/22,8,3,22.2,25.3,20.6,6
2019/6/23,10,2.2,21.4,24,19.6,0
2019/6/24,10,2.5,19.1,21,17.8,25.5
2019/6/25,6.8,2.6,22.3,27.3,17.2,0
2019/6/26,8.5,3.7,24.7,28.9,20.4,0
2019/6/27,10,4.4,25.6,28.7,22.8,2
2019/6/28,10,3,25.2,30.7,21.4,3.5
2019/6/29,10,1.9,20.2,21.5,19,3
2019/6/30,10,1.6,21.6,23.6,20.3,5.5
2019/7/1,10,1.6,22.7,24.3,21,1.5
2019/7/2,10,1.6,23.8,28.1,21.5,0.5
2019/7/3,10,2.1,24.9,29.1,22.2,1
2019/7/4,10,3.7,22.7,25.2,19.9,10.5
2019/7/5,9,2.2,21.9,24.5,19,4.5
2019/7/6,10,3,21,23.7,19.2,14.5
2019/7/7,10,3.2,19.2,20.8,17.9,22.5
2019/7/8,10,2.8,20.3,24.8,17.7,0
2019/7/9,10,2.6,19.7,21.8,18.5,0
2019/7/10,9.3,2.7,21,24.8,18.5,0
2019/7/11,10,2.2,19.9,23.6,17.9,2
2019/7/12,10,1.6,20.2,21.9,18.2,12.5
2019/7/13,10,2.1,23.4,27.3,20,0.5
2019/7/14,10,1.9,21.3,22.5,20.2,39
2019/7/15,10,2.6,21.3,25,19.4,7
2019/7/16,10,1.9,20.5,22.1,19,33.5
2019/7/17,8.5,2.1,23.9,28.7,20.3,0.5
2019/7/18,10,2,25.6,29.7,22.2,9.5
2019/7/19,9.5,2.7,26.7,31.4,23,3.5
2019/7/20,10,1.9,26.5,29.5,24.4,0
2019/7/21,10,2.1,25,28.2,22.7,0
2019/7/22,10,1.8,22.7,24,21.6,0.5
2019/7/23,9.8,1.9,24.5,29.3,22.4,4
2019/7/24,7.8,2.4,26.8,31.6,23.7,6
2019/7/25,7.5,2.9,28,32.4,24.4,0
2019/7/26,4.8,4.2,28.5,33.1,25.6,0.5
2019/7/27,8,5.4,28,31.4,25.1,4
2019/7/28,8.3,3.6,27.7,32.3,25,15
2019/7/29,5.5,2.6,29,33.7,25.3,0
2019/7/30,4.3,3,29.5,33.6,26,0
2019/7/31,7.8,2.8,30,34.6,26.5,0
2019/8/1,1.8,2.5,30.5,35,26.3,0
2019/8/2,2.8,2.7,30.2,35.1,27.1,0
2019/8/3,1,2.9,29.4,33.7,25.7,0
2019/8/4,3,2.8,29.4,34.3,25.3,0
2019/8/5,2.8,3,29.8,34.9,25.1,0
2019/8/6,7.5,3.8,30.3,35,27.5,0
2019/8/7,6.5,3.1,30.4,35.6,26.7,0
2019/8/8,4.3,2.8,29.9,35.5,26,0
2019/8/9,6.5,3.3,30.1,35.6,26.2,0
2019/8/10,4.3,3.2,29.6,34.4,25.7,0
2019/8/11,6,2.8,29.4,35.6,25.3,0
2019/8/12,10,2.6,28.8,33.2,25.6,0.5
2019/8/13,6.8,2.6,29.3,35.5,26.9,0
2019/8/14,9,3.8,29.2,32.4,27.1,8.5
2019/8/15,8.5,6.4,29.2,32.6,25.9,20
2019/8/16,9,7.1,29,31.6,28,0
2019/8/17,1,3.7,30.3,35.5,27.3,0
2019/8/18,5.8,2.4,30.1,35.2,26.5,0
2019/8/19,9.8,3.2,28.1,32.2,25.7,0.5
2019/8/20,9.3,2.3,26.5,31.1,24.1,13
2019/8/21,9.3,2.9,27,31.4,23.6,3
2019/8/22,10,2.3,26,29.5,23.2,20
2019/8/23,10,3,26.3,28.5,24,4.5
2019/8/24,7.8,2.5,27.3,31.4,24,0
2019/8/25,6.5,2.5,25.8,31.1,20.7,15
2019/8/26,7.5,2.8,25.3,28.5,22.9,0
2019/8/27,10,2.4,25.3,29.4,22.8,6
2019/8/28,9.8,4.4,25.6,28.1,23.2,7
2019/8/29,7.8,3.4,28.9,34.6,24.7,0
2019/8/30,8.3,3.2,26,28,24.2,12
2019/8/31,9,2.1,27.3,31.7,24.3,0
2019/9/1,10,2.3,27.7,32.1,25,0
2019/9/2,6.8,2.4,27.6,31.8,24.1,0
2019/9/3,8.5,2.6,25.8,28.5,22.6,1.5
2019/9/4,10,2.5,23.7,26.5,22.5,0
2019/9/5,10,1.8,25.7,29.6,23,0
2019/9/6,3.8,2.8,27.9,32.9,23.1,0
2019/9/7,5.5,2.7,28.4,33.5,24.8,0
2019/9/8,6.3,3.1,29.1,33.3,25.3,8.5
2019/9/9,8,5.6,29,36.2,24.5,119
2019/9/10,7.5,2.4,29.9,35.6,25.4,0.5
2019/9/11,7.5,2.4,27.4,32.3,24.3,7.5
2019/9/12,7.3,3.1,25.1,28.7,22.7,0
2019/9/13,10,2.8,22.4,23.6,20.3,0
2019/9/14,10,2.1,22.1,25.1,19.5,0
2019/9/15,7,2.7,25.2,31.1,20.3,0.5
2019/9/16,7.5,2.2,22.9,25.3,21.4,28.5
2019/9/17,5.5,2.7,25.8,31.1,22.3,0
2019/9/18,9.3,2.4,21.2,24.8,18.4,9.5
2019/9/19,7.8,2.7,22.1,27.7,17.1,0
2019/9/20,9.5,2.4,22.8,27.3,19.7,0
2019/9/21,10,2.3,21.8,24.1,19.9,0
2019/9/22,9.5,2.3,22.4,28.5,18.4,17
2019/9/23,9,5.5,26,30.7,20.4,3.5
2019/9/24,6.8,2.6,25.4,30.9,22.6,1
2019/9/25,7.5,2.6,24.3,28.9,20.8,0
2019/9/26,7,2.5,22.8,27.4,19.6,0
2019/9/27,5,2.2,23,28.1,18.2,0
2019/9/28,9.3,2.9,24.4,29.6,20,0
2019/9/29,9.8,2.4,24.7,27.7,22.4,0
2019/9/30,6.8,2.2,25.2,29.7,21.4,0
2019/10/1,5.3,2.3,24.5,30.1,20.9,0
2019/10/2,4.3,2.2,23.9,29.6,20.4,0
2019/10/3,8.8,3.9,24.5,28.3,20.6,0
2019/10/4,7.3,5,24.8,29.4,21.5,10
2019/10/5,2.5,3.7,26.1,30.3,21.5,0
2019/10/6,9.8,3.1,20.5,23.3,18.7,5.5
2019/10/7,8.8,2.3,20,25,17.3,7
2019/10/8,10,2.4,21.7,27.1,18.2,5.5
2019/10/9,2.8,3.5,20.8,25.1,17,0
2019/10/10,5.8,2.7,19.4,25.2,15,9
2019/10/11,10,2.7,19.6,21.7,16.3,7.5
2019/10/12,10,5.5,23.3,25.2,20.7,209.5
2019/10/13,2.8,4.4,24.5,28.5,19.4,0
2019/10/14,10,3,17,20.2,15.4,5
2019/10/15,10,2.8,18.4,23,16.2,0
2019/10/16,9.5,2.2,16.1,18.5,14.6,0
2019/10/17,10,1.8,16.2,18.4,15.1,4.5
2019/10/18,10,2.5,16.5,19.5,14.9,5.5
2019/10/19,9.5,2.3,17.4,20.2,14.6,53.5
2019/10/20,10,1.9,20.1,23.9,17.7,0
2019/10/21,10,2.8,18.2,21.3,14.9,6.5
2019/10/22,9.8,3.6,15.4,17.2,14.2,65
2019/10/23,5.3,2.1,18.5,24.8,12.4,0
2019/10/24,10,3.1,18.1,21,14.6,3
2019/10/25,10,3.9,15.1,16.3,14.5,120.5
2019/10/26,7,2.1,18.1,24.5,13.3,0.5
2019/10/27,9.5,2.1,18.3,22.5,15.8,0
2019/10/28,7,2.5,17.4,21.4,15,0
2019/10/29,7.8,2.3,14.5,16.3,12.6,11.5
2019/10/30,3.5,1.4,16.5,22.7,12.1,0
2019/10/31,5,1.8,16.8,22,14,0
2019/11/1,0,2,17.4,23.9,12.2,0
2019/11/2,4,2.2,15.7,19.9,10.9,0
2019/11/3,10,2,15.8,18.9,12.7,10.5
2019/11/4,4.5,2.2,14.6,20.2,11,1
2019/11/5,0,2.1,13.7,19.2,9,0
2019/11/6,0,1.8,14.3,21.2,8.8,0
2019/11/7,5.3,2.8,16,22.6,9.8,0
2019/11/8,4,2.9,15.1,19.2,11.9,0
2019/11/9,6.5,2.2,13.3,17.4,11.3,0
2019/11/10,3.8,2.3,13.9,18.6,9.2,0
2019/11/11,8.3,2,12.9,17.9,10.8,6.5
2019/11/12,0.3,3.2,15.1,21.8,9.2,0
2019/11/13,8,2.2,13.3,16.1,11.3,0.5
2019/11/14,5.3,3.3,16.9,22.3,11.6,0
2019/11/15,2.8,1.9,12.6,17.1,9.7,0
2019/11/16,0.3,1.9,12.8,18.9,7.8,0
2019/11/17,3.8,2.8,13.4,19.7,8.2,0
2019/11/18,6.8,4.3,16.1,21.4,9.4,0
2019/11/19,8,2.6,15.8,20.7,11.7,3
2019/11/20,3.8,4,12,15.9,9.6,0
2019/11/21,3.3,2.6,11.3,15.7,8.5,0
2019/11/22,10,3,8.1,10.8,6.3,47
2019/11/23,10,3.5,11.3,13,9.2,60.5
2019/11/24,10,2.3,15.9,19.1,12.9,19
2019/11/25,8,2.2,16.6,21.9,12.1,1
2019/11/26,10,3.2,8.8,12.5,7.3,1.5
2019/11/27,10,1.8,9.3,10.7,7.8,2.5
2019/11/28,10,2.5,8.5,11.8,4.6,3.5
2019/11/29,0.5,2.4,5.2,9.7,1.6,0
2019/11/30,0,2.4,7.3,12,3.1,0
2019/12/1,6.8,1.7,7.4,11.5,4.7,0
2019/12/2,8,2,9.5,16.4,6.2,36
2019/12/3,2.8,2.4,11.8,17,9.1,0
2019/12/4,0,2.1,10.2,15.3,5.7,0
2019/12/5,4.5,2.3,9.6,14.5,5.6,0
2019/12/6,10,2.2,8,10.4,6,0
2019/12/7,10,1.9,5.5,7.1,4.4,1.5
2019/12/8,0,1.9,7.4,13.2,2.2,0
2019/12/9,7.5,2.7,6.4,9.5,3.5,1
2019/12/10,10,1.9,10.2,14.3,6.6,5.5
2019/12/11,10,1.9,11.7,15.3,8.3,0.5
2019/12/12,1.5,2.7,11.7,18.9,7.8,0
2019/12/13,9.8,2.4,7.5,9.4,6.5,0
2019/12/14,2.5,2.4,9.4,16,2.9,0
2019/12/15,5.8,3.6,8.7,12.5,5.5,0
2019/12/16,5,1.9,7.8,12.3,2.9,0
2019/12/17,8.8,1.8,8.2,9.7,6,1
2019/12/18,6.3,1.8,11.1,15.4,6.5,0
2019/12/19,10,2.1,9,11.1,8,0
2019/12/20,6,2.3,10.6,16.1,6,0
2019/12/21,10,2.1,8.1,9.5,6.5,0
2019/12/22,9.8,2.2,6.8,9,5.1,16.5
2019/12/23,7,2.6,6.8,12,3.5,13.5
2019/12/24,5.5,3.5,8.2,12.6,5,0
2019/12/25,9.3,2,5.9,8.9,4.2,0
2019/12/26,10,2,7.8,11.5,3.8,0
2019/12/27,2.8,4,8.7,13.7,4.5,0.5
2019/12/28,0.5,3.5,6.8,10.9,3.8,0
2019/12/29,4.8,1.9,7,10.9,2.2,0
2019/12/30,10,1.8,6.7,8.8,5.1,0.5
2019/12/31,2.8,3.6,8.2,16.5,3.7,0
2020/1/1,3,2.6,5.5,10.2,3.2,0
2020/1/2,1,1.8,6.2,11.3,1.9,0
2020/1/3,0,1.4,6.1,12,1.4,0
2020/1/4,5.5,2.3,7.2,12.2,3.6,0
2020/1/5,0,3,5.4,10.2,0.6,1
2020/1/6,5.8,3,7.5,12.2,3.1,0
2020/1/7,9.5,2,5.7,8.2,3.9,2
2020/1/8,7.5,2,5.2,7.6,3.8,11.5
2020/1/9,2.5,3.6,10.6,14.9,4.6,0
2020/1/10,4.3,2.4,8.4,12.6,5.5,0
2020/1/11,5.3,1.8,7,10.5,5.2,0
2020/1/12,7.8,1.6,6.7,10.2,2.5,0
2020/1/13,2.5,1.8,8.5,13.7,4.6,0
2020/1/14,6.8,1.8,8.4,13.5,4.7,0
2020/1/15,6.5,2.5,6.8,9.4,4.9,15
2020/1/16,6.8,2.2,6.7,10.9,3.9,0
2020/1/17,10,2.5,7.3,11.1,3.9,0
2020/1/18,10,3.1,3.8,7.2,1.5,8.5
2020/1/19,5.3,2.4,6.5,11.1,1.9,0
2020/1/20,2.3,2,7.5,14.1,2,0
2020/1/21,0,3.8,7.4,11.8,3.9,0
2020/1/22,7.5,1.9,4.9,7.3,2,0
2020/1/23,9.8,1.8,6.1,8.7,4.1,2.5
2020/1/24,8.8,1.8,9.9,13.4,7.4,0
2020/1/25,9.8,2.6,7.8,10.2,5.9,0
2020/1/26,10,1.3,5,7.6,2.7,6
2020/1/27,10,2,5.1,6.5,2.9,5
2020/1/28,10,3.6,4.4,7,0.6,55.5
2020/1/29,7.8,2.5,11.8,18.6,6.9,28
2020/1/30,1.8,2.1,11.7,17.5,6.8,0
2020/1/31,3,4.8,8.1,12.1,3.5,0
2020/2/1,0,3.6,7.9,13.4,3,0
2020/2/2,5,2.9,8.7,13.8,5,0
2020/2/3,9.5,2.4,9.3,15.2,5.3,0
2020/2/4,6.3,2.4,7.9,11.4,4.8,0
2020/2/5,2.3,3,7.6,15.2,2.4,0
2020/2/6,2.5,4.9,2.9,6.9,-0.4,0
2020/2/7,7.3,2,2.4,6.9,-2.1,0
2020/2/8,5,2.4,6.2,12.7,0.7,0
2020/2/9,0,4,3.9,8.3,1.2,0
2020/2/10,2.8,2.2,4.6,10.1,-0.2,0
2020/2/11,0.3,2.6,6.3,11.7,1.1,0
2020/2/12,7.5,2,8.7,16,1.9,0
2020/2/13,5,1.7,11.7,18.2,7.8,0
2020/2/14,7.5,1.7,12,16,8.5,0
2020/2/15,7.3,1.7,12.4,16.2,7.6,0
2020/2/16,10,1.8,9.3,11.8,7.8,8.5
2020/2/17,7.3,2.3,10.3,16.8,5.8,0
2020/2/18,2.8,2.7,7.6,12.5,2.8,0
2020/2/19,4,2.7,8.1,13.3,3.6,0
2020/2/20,7.8,2.2,9,13.1,4.7,0
2020/2/21,2.8,2.8,10,14.2,5.4,0
2020/2/22,6.8,4.1,12.5,18.2,6.4,2.5
2020/2/23,1.8,3.3,10.4,16,5.4,0
2020/2/24,3.3,2.5,9.8,15.4,4.6,0
2020/2/25,10,2.1,10.5,14.4,6.2,0
2020/2/26,10,2.2,8.1,9.4,7,3
2020/2/27,0.8,4.2,7,11.9,3.6,0
2020/2/28,6,2.7,7,12.4,1.9,0
2020/2/29,8,2.2,9.4,14.4,5.4,1
2020/3/1,7.3,2.4,12,17.9,6.6,0.5
2020/3/2,10,2.5,7.3,11.2,5.8,10
2020/3/3,6.5,3.2,11.3,17.8,5.3,0
2020/3/4,10,2.1,8.9,10.9,7.9,1.5
2020/3/5,4.8,5.1,9.2,13.7,6.1,1
2020/3/6,0.3,4,9.4,15.1,5.4,0
2020/3/7,10,2.4,7.3,10.4,5.2,1.5
2020/3/8,10,2.5,7.2,8.9,5.6,6
2020/3/9,7.5,2.7,13.1,19.6,7.6,0
2020/3/10,7.5,2.5,14.7,18.2,12.6,24.5
2020/3/11,6.3,3.3,15.3,21.4,9.8,0
2020/3/12,1,4.1,11.4,16.7,7,0
2020/3/13,7.5,2.4,12.5,18.7,6.8,0
2020/3/14,9.3,3.2,5.5,12.3,1.3,25
2020/3/15,4,2.6,7.1,12,1.8,0
2020/3/16,2,4.7,7.1,14.4,3.6,0
2020/3/17,2.5,3.3,7.7,12.7,2.3,0
2020/3/18,0.3,2.7,11.9,18.4,4.8,0
2020/3/19,2.5,3.7,14.6,22,6.5,1
2020/3/20,3,3.5,14.5,19.4,9.5,0
2020/3/21,0.5,2.9,13.8,21,7.6,0
2020/3/22,6.8,3.5,16.8,23.7,10.5,0
2020/3/23,8.5,2.7,10.3,14,7.7,0
2020/3/24,2.5,4.7,8.2,12.6,4.7,0
2020/3/25,0.5,3,10,16,3.4,0
2020/3/26,3.5,2.2,13,20,7.5,0
2020/3/27,8,4.7,16.2,22.8,9.1,0
2020/3/28,10,4.4,15.5,24.6,7.4,8.5
2020/3/29,10,2.8,3.6,7.7,0.7,51.5
2020/3/30,10,1.9,7.6,10.3,3.5,0
2020/3/31,10,1.9,9.8,12.5,8.2,0
2020/4/1,10,2.7,11.4,12.9,9.3,31
2020/4/2,3.8,6.2,13.9,19.4,9,0
2020/4/3,4.8,3.3,12.8,18.2,6.4,0
2020/4/4,0.5,3.9,15.7,22.3,8.6,0
2020/4/5,6.3,2.6,10.2,15.9,5.6,0
2020/4/6,4.5,3,12.1,18.4,6.3,0
2020/4/7,6.5,2.7,12.4,18,7.9,0
2020/4/8,2,2.6,14.3,20.2,7.9,0
2020/4/9,5,3.3,13.3,20.2,8,0.5
2020/4/10,6.8,3.8,11.2,17.2,7.4,0
2020/4/11,6.5,3.2,11.4,17,6.8,0.5
2020/4/12,10,2.5,10.3,14.6,7.4,6.5
2020/4/13,10,3.9,8,10.1,5.4,132
2020/4/14,2.5,4.7,10.9,17.2,5.5,1.5
2020/4/15,7.3,3.1,13.8,20.8,5.5,0
2020/4/16,10,3.7,11.7,16.3,8.6,0.5
2020/4/17,9.5,3,12.4,17.8,8.3,0.5
2020/4/18,8,3.1,12.9,16.2,9.8,89.5
2020/4/19,4.3,3.5,14.7,22.5,9,0
2020/4/20,9.8,2.5,9.7,10.7,8.3,15
2020/4/21,7,1.7,14.2,18.9,9,0
2020/4/22,10,2.3,13.5,19.2,8.8,0
2020/4/23,6.5,3.1,11.9,17,6.6,1
2020/4/24,7,3.3,12.2,18.4,6.9,0.5
2020/4/25,0,3.7,12.7,18.8,5.3,0
2020/4/26,7.5,5,18.3,24.2,11.5,0
2020/4/27,10,2.4,12.8,17.8,8.5,12.5
2020/4/28,9.5,2.1,12.3,19.1,8,5
2020/4/29,1.8,2.7,15.1,21.7,8.9,0
2020/4/30,0,3,18,23.9,11.7,0
2020/5/1,4,4.1,19.9,25.5,16.2,0
2020/5/2,0.8,2.8,20.6,26.9,15.3,0
2020/5/3,9.8,4.7,20.7,25.8,16.5,0
2020/5/4,10,3.1,19.3,22.2,17.3,2
2020/5/5,6.5,3.2,21.3,28.4,16.4,0
2020/5/6,10,2.1,15.8,17.3,14.6,19
2020/5/7,4.3,3.3,16.5,22.5,11,0.5
2020/5/8,3.8,3.5,16.7,22.1,11.1,0
2020/5/9,10,4.3,18.3,23,13.9,0
2020/5/10,10,5.3,21.5,25.7,17.7,1
2020/5/11,5.5,3,22.9,28.1,20.2,0.5
2020/5/12,10,2.8,21.7,26.5,19.1,0
2020/5/13,4.5,2.7,22.3,28.7,16.8,0
2020/5/14,4,3.4,20.8,26.2,13.8,0
2020/5/15,7.5,3.9,21.5,26.5,15.2,0
2020/5/16,10,4.1,18.5,21.7,16.4,24
2020/5/17,5.8,2.7,21.6,28.2,15.8,0
2020/5/18,10,2,19.2,20.1,18.7,2
2020/5/19,10,3,17.7,19.2,13.4,54.5
2020/5/20,10,2.5,12.7,15.4,10.9,3
2020/5/21,10,2,12.7,14.8,10.7,0.5
2020/5/22,10,2.4,15.3,18.1,12.8,1
2020/5/23,8.5,2.4,18.4,23.7,15.3,0
2020/5/24,6.3,3.2,20.8,26.5,15.8,0
2020/5/25,9.3,3,21.6,26.5,18.1,0
2020/5/26,9.5,2,20.9,24.3,18.6,0.5
2020/5/27,9.8,2.1,21.4,26.6,18.4,0
2020/5/28,8.8,2.7,19.4,25.2,12.9,9.5
2020/5/29,3.5,2.8,20.7,27.4,14.1,0
2020/5/30,7,3.2,22,27.9,17.4,0
2020/5/31,8,3.4,21.3,24.5,18.8,0
2020/6/1,10,1.8,19.6,21.2,18.5,4
2020/6/2,10,2.3,22.3,26.6,18.9,0
2020/6/3,9.8,2.4,24,28.5,20.9,0
2020/6/4,10,2.8,23.5,27.6,20.6,0
2020/6/5,9.3,3.3,24.8,29.9,20,0
2020/6/6,10,2.6,24.2,28.4,18.8,6.5
2020/6/7,7.5,2.9,22,27.2,17.4,0.5
2020/6/8,5.8,2.9,23.2,28.3,19.7,0
2020/6/9,7.3,3.1,25.5,31,20.4,0
2020/6/10,4.8,5.4,26.2,31.4,21.8,0
2020/6/11,9.5,5.9,25.1,30.5,22.7,10
2020/6/12,9,2.5,26.2,31.6,22.9,5.5
2020/6/13,10,2.2,21.3,24.3,19.1,35.5
2020/6/14,10,1.6,21.7,24,19.9,5.5
2020/6/15,9.5,2.4,25.9,32.6,21,0
2020/6/16,7.3,3.4,25.5,30.5,21.8,0
2020/6/17,4,3.5,23.6,28.8,19.3,0
2020/6/18,10,2,22.1,25.5,19.6,2
2020/6/19,10,2.2,18.7,19.8,18,50
2020/6/20,6.5,2.8,22.9,28.7,17.1,0
2020/6/21,10,2.5,21.9,26.5,17.9,2.5
2020/6/22,10,3.5,19.2,21,17.6,27.5
2020/6/23,9.3,2.6,22.3,27.2,18,3
2020/6/24,9.5,2.6,22.5,26.8,19.3,0
2020/6/25,10,1.9,20.2,23.3,17.9,14.5
2020/6/26,9,1.7,24.7,30.9,19.7,0
2020/6/27,10,1.9,25.5,29.3,22.2,0
2020/6/28,10,2,22.2,24.9,20.5,30
2020/6/29,3.5,3,24.9,29.8,20.1,0
2020/6/30,9.8,4.5,24.6,27.7,22.2,15.5
2020/7/1,10,6.5,25.1,26.7,22.7,21
2020/7/2,5.5,4.9,25.9,30.8,21.7,0.5
2020/7/3,10,2.4,23.8,28.7,20.3,6
2020/7/4,10,4,23.8,27.7,20,25.5
2020/7/5,10,3.3,24.9,28.1,23.2,3.5
2020/7/6,10,5.2,24.8,26.9,22.8,40.5
2020/7/7,10,6.4,27.2,29.3,25.1,0.5
2020/7/8,10,5.8,26,28.5,23.6,3
2020/7/9,10,3.8,23.7,26.1,22.3,14
2020/7/10,9.8,3.6,25.3,28.1,22.7,0.5
2020/7/11,10,5.6,27.5,31.2,24.8,2
2020/7/12,10,2.9,26,32.5,19.9,0.5
2020/7/13,10,3,21,25.2,18.7,6
2020/7/14,10,2.3,22.3,23.7,20.6,6
2020/7/15,10,2.3,20.4,22,17.7,6.5
2020/7/16,10,2.3,20.7,24.6,17.4,0.5
2020/7/17,10,2,19.3,20.6,18.1,34.5
2020/7/18,10,1.5,20.4,22,19.2,20
2020/7/19,5.8,2.2,24.3,29.3,21.4,0
2020/7/20,8.5,2.4,26.9,31.9,23.1,0
2020/7/21,10,2.1,25.5,29,22.5,1
2020/7/22,10,2.4,26.6,29.9,24.9,0
2020/7/23,10,1.8,23.2,26,22.1,31.5
2020/7/24,9.8,1.2,24.5,27.2,21.6,0
2020/7/25,10,2.1,25.1,27.4,23.7,23.5
2020/7/26,10,3.1,25.6,31.2,23.5,18.5
2020/7/27,10,3.3,26.3,30.7,23.9,2
2020/7/28,10,2.5,26.7,31,23.9,2
2020/7/29,10,2.9,22.9,25.6,21.3,0
2020/7/30,10,1.9,23.2,26.5,20.4,0
2020/7/31,10,1.6,24.8,29.6,22.4,1
2020/8/1,7.8,2.6,26.1,31.8,21.8,0.5
2020/8/2,5.5,2.4,26.3,31.5,22.6,0
2020/8/3,3.8,2.4,27.2,32.3,22.3,0
2020/8/4,4.3,2.9,28.3,33.1,24.5,0
2020/8/5,3.3,2.9,29.1,34.2,25.7,0
2020/8/6,7.8,3.9,28.5,33.1,25.5,0
2020/8/7,7.5,3.4,29.5,35.4,26,0
2020/8/8,8.3,2.7,28.1,32.3,25.1,0
2020/8/9,9.5,2.4,28.7,34.7,23.4,0
2020/8/10,10,2.4,30.5,35.2,26.9,0
2020/8/11,2.8,4,31.7,37.3,27,0
2020/8/12,6.8,2.5,30,35.8,27.3,0.5
2020/8/13,5,2.2,29.4,36.1,25.4,21.5
2020/8/14,2,2.8,29.4,34.2,24.9,0
2020/8/15,3.8,2.1,31,36.1,26.9,0
2020/8/16,7.3,2.7,31.2,35.4,28,0
2020/8/17,7.8,2.7,30.8,36.5,27.2,0
2020/8/18,8.8,2.8,30.3,34.3,27.8,0
2020/8/19,5.3,2.7,29,34.2,25.6,0
2020/8/20,1,3.2,29.7,34.8,25.8,0
2020/8/21,2.3,2.8,30.1,36,26,0
2020/8/22,6,2.7,29.3,35.2,24,0
2020/8/23,9.8,2,25.6,29.4,23.2,38
2020/8/24,5,2.7,27.2,32.3,23,0
2020/8/25,6.3,2.7,27.8,32.2,24.8,0
2020/8/26,6,2.7,28.8,34,24.3,0
2020/8/27,4.5,3.1,29.3,33.6,26.3,0
2020/8/28,4.3,3.3,30.2,34.5,27,0
2020/8/29,3.8,3.3,30.3,35,26.9,0
2020/8/30,4.5,3.3,30,34.9,26.6,0
2020/8/31,8.3,2.9,27.5,32.6,22.7,1
2020/9/1,10,2.3,24.9,27.4,21.9,1
2020/9/2,10,2.5,26.8,32.1,24,7.5
2020/9/3,8.5,4.2,28.4,32.7,26.4,3.5
2020/9/4,7.5,3,29.3,35.1,25.1,0
2020/9/5,6.5,2.8,28.6,34.2,25.3,8.5
2020/9/6,9.8,2.7,25.7,29.5,22.5,25.5
2020/9/7,9.5,4.4,26.7,31.2,24.2,19
2020/9/8,4,5.1,29.5,34.2,26.9,0
2020/9/9,2.8,3.7,29,33.6,25.2,0.5
2020/9/10,9,3.8,27.7,31.7,25.2,0
2020/9/11,6.8,3.1,28.3,32.5,24.9,0
2020/9/12,10,2.5,23.7,27.7,22,14.5
2020/9/13,7.5,2.4,23.3,27.8,20,0.5
2020/9/14,10,2.3,23.4,27.2,20.9,0.5
2020/9/15,9,2,23.8,27.7,20.9,0.5
2020/9/16,9.8,2.1,24,28.1,21.2,2
2020/9/17,9.5,2.1,24.9,28.4,22.1,0
2020/9/18,9,5.5,29,33.4,26.4,0
2020/9/19,8.8,2.9,24.7,27.1,22.6,0
2020/9/20,10,2,22.2,23.7,20.8,0.5
2020/9/21,6,2.1,22,26.1,19.7,0.5
2020/9/22,9,2.5,22.5,27.7,19.1,3.5
2020/9/23,10,2.7,20.2,22.7,18.6,7.5
2020/9/24,10,3.2,19,22.2,17.9,10
2020/9/25,10,3.2,19.4,20.8,17.8,5.5
2020/9/26,10,2.1,18.5,20,17.8,6
2020/9/27,9.8,1.6,19.7,23.5,17.6,0.5
2020/9/28,3.5,2.5,21.5,27.4,16,0
2020/9/29,10,3,19.7,23.1,16.7,0
2020/9/30,3.8,2.6,20,25.4,14.7,0
2020/10/1,7.8,1.7,19.5,24.3,17.1,1
2020/10/2,2.8,2.5,21,26.7,16.2,0
2020/10/3,8.5,1.7,21.7,26.3,18.4,0
2020/10/4,10,2,22,26.2,19.5,0
2020/10/5,10,2,21.7,24.8,20.1,0
2020/10/6,8.3,2.6,21,24.8,17.9,0
2020/10/7,8.5,2.7,18.3,23.9,14.6,6
2020/10/8,10,2.4,14.7,15.5,13.8,44
2020/10/9,10,2.8,14.5,15.4,13.8,38
2020/10/10,10,2.7,16,17.1,13.8,73.5
2020/10/11,10,2.7,19.8,23.3,17,0.5
2020/10/12,9.5,2.1,21.5,25.1,18.6,0
2020/10/13,8.5,2.5,22.1,26.7,19,0
2020/10/14,10,2.3,20.3,23.2,18.4,0
2020/10/15,10,2.7,16.8,19.7,14.7,1
2020/10/16,9.5,2.9,16.1,19.5,13.9,0
2020/10/17,10,2.2,12.7,16,11.5,23
2020/10/18,7,2.1,14.3,19.8,11.3,0.5
2020/10/19,7.5,2.4,13.1,17.1,11.2,9
2020/10/20,5.3,2.3,15.6,21,10.5,0
2020/10/21,4.8,2.6,16,21.6,11.9,0
2020/10/22,10,2.3,17.4,22.1,14.2,0
2020/10/23,10,2,16.8,17.9,14.3,8.5
2020/10/24,5,3.1,17.3,21.2,12.7,0
2020/10/25,1.5,2.6,15.5,21.3,11.4,0
2020/10/26,6.3,2,16.2,22.9,10.7,0
2020/10/27,8.3,2.2,16.7,20.8,13.3,0
2020/10/28,8,1.7,16.6,20.2,13.1,0
2020/10/29,4.8,2.9,17.3,22.8,13,0
2020/10/30,6.3,3.2,14.9,18.5,11.1,0
2020/10/31,0,2.4,13.8,19.2,9.2,0
2020/11/1,7.5,2.1,14.3,19.9,9,0
2020/11/2,8,1.8,15.6,23.6,11.6,2.5
2020/11/3,10,1.8,14.8,17.1,12.8,4.5
2020/11/4,2,3,13.7,18.6,9.8,0
2020/11/5,0.5,2.1,13.4,19.4,9.1,0
2020/11/6,9.8,1.7,12.8,16.2,10.6,0
2020/11/7,9.5,1.6,15.5,20.6,11.5,0
2020/11/8,10,1.8,17.3,22.4,13.5,2.5
2020/11/9,4.3,3.1,13.5,18.3,10.5,0
2020/11/10,2.8,2.4,11.9,16.9,8.6,0
2020/11/11,1.5,3.1,11.9,16.9,8.3,0
2020/11/12,7.3,2.2,10.2,13.1,6.2,0
2020/11/13,3.8,1.7,13.7,19,9.7,0
2020/11/14,0,2.4,14.7,20.3,10.4,0
2020/11/15,3.8,2.5,13.4,18.6,7.5,0
2020/11/16,3,1.5,14.7,21.4,9.1,0
2020/11/17,0.5,2.3,15.2,20.7,10.8,0
2020/11/18,5.3,2,15.8,21.4,10.3,0
2020/11/19,8.5,3.6,19.1,24.9,13.2,0
2020/11/20,10,5.5,21.9,23.9,18.5,0
2020/11/21,2.5,3.6,16.6,20.2,11.1,0
2020/11/22,1.3,2.8,15,19.3,8.5,0
2020/11/23,7.5,2.6,15.5,20.9,11.4,0
2020/11/24,10,2.7,11.8,13.3,10.1,0
2020/11/25,10,2.3,10.5,12.1,9.2,5
2020/11/26,4.8,1.5,12.8,18.6,9.2,0
2020/11/27,9.5,2.5,11.6,13.2,10.2,0
2020/11/28,5,3.5,11.8,17.3,8.8,0
2020/11/29,8,2,10.1,13.7,7.5,0
2020/11/30,6.3,1.8,9.9,14.9,5.2,0
2020/12/1,0.8,2,10.2,14.9,5.6,0
2020/12/2,9.8,2.3,8.2,10.2,7,8
2020/12/3,8,2.1,8.1,10.6,6.7,0
2020/12/4,5.3,2.1,9.2,13.9,5.5,0
2020/12/5,10,2.1,6.6,7.7,4.4,3.5
2020/12/6,4.8,1.6,8.2,13.5,4.4,0
2020/12/7,0.8,1.5,9.7,16.1,4.7,0
2020/12/8,5,2,11.4,17.2,5.8,0
2020/12/9,10,2.1,9.8,12.2,7.9,0
2020/12/10,7.5,2.2,9.3,12.2,6.9,0
2020/12/11,5.5,1.7,10.2,14.4,5.3,0
2020/12/12,10,2,11.4,15,8.3,0
2020/12/13,3.5,1.7,9.9,15.4,5.9,0
2020/12/14,8.5,2.7,8.5,13.1,5.5,0
2020/12/15,4.5,2.5,6.1,11.3,2,0
2020/12/16,2.8,1.9,4.6,9.6,0.5,0
2020/12/17,0.3,2.7,4.3,9.4,-0.1,0
2020/12/18,2.5,1.7,6.1,11.6,0.5,0
2020/12/19,5.8,2.6,5.8,9.4,1.6,0
2020/12/20,0.8,2.8,4.4,9.4,-0.6,0
2020/12/21,0,1.7,5.3,11.2,0.1,0
2020/12/22,1.8,1.8,5.6,11.7,0.5,0
2020/12/23,2.5,2,7.7,14.1,1.2,0
2020/12/24,7.5,1.9,8,12.9,2.6,0
2020/12/25,5.5,2.2,8.7,14,4.7,0
2020/12/26,2.3,1.7,6.4,11.8,1.5,0
2020/12/27,7.8,1.9,7.8,12.7,3.4,0
2020/12/28,5.5,1.6,8.5,13.5,6.2,0
2020/12/29,5.8,1.6,8.7,13.1,4.3,0
2020/12/30,10,3.4,6.9,12.3,2.7,1.5
2020/12/31,0.8,3.3,3.4,7.6,-0.2,0
2021/1/1,0,1.5,4.4,10.5,-1.3,0
2021/1/2,2,2,4.8,10.8,0.1,0
2021/1/3,4,1.6,3.7,8.4,-0.4,0
2021/1/4,4.8,1.8,5.8,11.4,1.3,0
2021/1/5,10,1.7,6,10,2.5,0
2021/1/6,10,2.4,5.3,6.8,3.9,0
2021/1/7,7.5,4,6.3,12.7,2,0
2021/1/8,4,1.8,2.4,6.5,-1.5,0
2021/1/9,2,2.3,2.9,8.4,-1.5,0
2021/1/10,2.3,2,2.6,8.1,-2.4,0
2021/1/11,7.5,2,2.3,6.5,-1.3,0
2021/1/12,10,2.3,3.4,5.7,1.2,0
2021/1/13,1.3,1.8,5.8,12.5,-0.5,0
2021/1/14,0,1.8,7.9,14.5,0.9,0
2021/1/15,7.5,2.1,6.6,7.6,4.9,0
2021/1/16,3.3,2.7,10,18.7,4.3,0
2021/1/17,9.8,2.2,6.1,8,4.1,0
2021/1/18,5,2,4.3,8.6,1,0
2021/1/19,0,4.1,4.4,9.5,1,0
2021/1/20,0.3,2.8,3.9,9.5,0.2,0
2021/1/21,4,1.8,4.8,10.7,-0.3,0
2021/1/22,6.5,1.4,8.7,16,1.2,0
2021/1/23,10,3.1,6.4,10.2,2.7,19
2021/1/24,10,3.6,4.3,6.5,2.3,13
2021/1/25,7.3,1.9,7.6,13.2,3.8,1.5
2021/1/26,5.8,1.7,7.5,11.2,2.7,0
2021/1/27,9.5,2.5,10.3,16.2,6.4,1
2021/1/28,10,2.5,4.4,7.9,0.9,9
2021/1/29,4.5,3.2,5.3,10.8,0.7,0
2021/1/30,0,2.9,4.1,9.3,0.9,0
2021/1/31,0,2.6,5.4,11.9,-0.4,0
2021/2/1,6.5,2.7,7.2,14,1.8,0
2021/2/2,7.3,3.2,8.8,15.6,4.3,12
2021/2/3,1.3,2,6.2,11.8,1,0
2021/2/4,0,2.9,7,12.6,0.6,0
2021/2/5,4,2.4,7.1,12.4,1.9,0
2021/2/6,1.8,1.7,8.9,15,4.2,0
2021/2/7,2,2.4,9.9,16.3,4.4,0
2021/2/8,5.8,3.2,6.1,11,2.8,0
2021/2/9,0,4,4.7,9.6,0.8,0
2021/2/10,5,2.3,6.7,12.1,1.7,0
2021/2/11,3.5,3.5,8.7,14.1,3.3,0
2021/2/12,10,1.9,7.8,11.7,3.4,0
2021/2/13,5,2.4,10.4,16.2,4.9,0
2021/2/14,5.8,2.9,12.3,18.2,6.8,0
2021/2/15,7.5,2.7,11.4,14.1,8.3,76.5
2021/2/16,0,3,10.6,16.4,5.1,0
2021/2/17,2.3,4,7.6,13.1,2.2,0
2021/2/18,4.3,2.9,4.3,10.4,-0.5,0
2021/2/19,0.3,3.2,6.9,12.3,1.4,0
2021/2/20,0,3.3,10.2,18.1,1.4,0
2021/2/21,0,2.3,13.9,20.9,7.3,0
2021/2/22,1.5,2.7,14.9,21.9,7.7,0
2021/2/23,3.8,4.3,11,15.5,5.5,0
2021/2/24,7,4.3,6.4,11.9,3.2,0
2021/2/25,4.5,3,6.6,11.3,1.5,0
2021/2/26,10,2.7,8.7,11.8,5.6,0
2021/2/27,5.3,3.7,5.7,9.6,2.1,0
2021/2/28,3.3,2.4,6.6,12.9,0.3,0
2021/3/1,7,3.3,11.8,19.1,4.6,0.5
2021/3/2,10,5.6,13.5,19.8,7.9,9.5
2021/3/3,5,4.6,7.4,11.8,3.8,0
2021/3/4,9,2.4,9,15,2.3,0
2021/3/5,9.8,1.7,11.8,17.4,8.4,2
2021/3/6,10,2.3,13.8,21,9.6,0.5
2021/3/7,10,2.9,7.8,10.3,5.8,0
2021/3/8,10,2.6,6.6,7.7,5.1,5.5
2021/3/9,10,2.2,9.6,13.7,5.7,0
2021/3/10,3,3.5,12,19.4,6.8,0
2021/3/11,2.5,2.4,9.9,15.4,4.2,0
2021/3/12,10,1.9,12.7,18,7.5,0
2021/3/13,9.5,3.3,11.1,13.9,8.1,65
2021/3/14,0.8,5.6,12.5,18.2,8.1,0
2021/3/15,0.3,3.8,12.9,19.5,8.3,0
2021/3/16,8.5,2.8,14.5,22,7.6,0
2021/3/17,2.5,3.6,13.7,20.1,9,0
2021/3/18,2,2.6,12.3,17.7,6.6,0
2021/3/19,8,2.7,12.9,18.9,9.5,0
2021/3/20,10,2,14.1,18.6,10.8,0
2021/3/21,10,5.2,16.7,19.7,12.6,46.5
2021/3/22,10,3.5,12.1,15.6,7.5,0.5
2021/3/23,0.5,2.9,10.8,15.8,5.3,0
2021/3/24,5,3.5,13.8,20.5,6.7,0
2021/3/25,10,3,14.5,18.4,11.7,0.5
2021/3/26,2.5,3.4,14.5,21.2,10.2,0
2021/3/27,7.3,3.3,13.7,18.3,8,0
2021/3/28,10,4.5,16.5,18.6,14.3,8
2021/3/29,7.5,2.7,17.5,23.4,13.3,34.5
2021/3/30,9.8,2.4,17.8,23.3,14,0
2021/3/31,5,3.2,17.9,23.4,15,0
2021/4/1,7.8,2.8,16.6,21.7,13.6,0
2021/4/2,9.8,2.6,16,19.9,13.4,0
2021/4/3,5.8,2.7,16.9,22.3,11.8,0
2021/4/4,9,4.1,18.5,23.3,15.7,10.5
2021/4/5,8,3.2,12.9,17.2,8.5,18
2021/4/6,7,2.8,10.6,15.7,6.4,0
2021/4/7,2.8,2.5,13.3,19.6,7.9,0
2021/4/8,5,3.4,13.3,18.1,9.6,2.5
2021/4/9,5.8,3.1,11.9,18.3,7.2,0
2021/4/10,4.3,3,10.4,16.3,6.8,0
2021/4/11,0.5,2.7,12.5,18.6,6.5,0
2021/4/12,6,3,14.4,20.8,9.1,0
2021/4/13,10,3.8,15.7,20.1,12.1,0.5
2021/4/14,10,3.6,15.3,19.2,7.6,36
2021/4/15,6.5,3.1,10.7,16.5,6,0
2021/4/16,9.5,2.6,13.7,19.1,8.2,0
2021/4/17,10,3.2,15.7,18.7,14,33.5
2021/4/18,3,4.2,16.4,22,12.1,15
2021/4/19,0,3.5,15.8,21.9,11,0
2021/4/20,2.5,2.5,17.2,24.5,10.6,0
2021/4/21,0,3.1,19.1,25.2,13.8,0
2021/4/22,3.3,4.2,18.1,26.2,11.3,0
2021/4/23,1.5,3.1,13.8,20.4,9,0
2021/4/24,8.3,2.6,15.3,21.6,8.9,0
2021/4/25,6,3.1,16.9,23.2,12.3,0
2021/4/26,1.8,3.3,13.4,19.4,8.9,0
2021/4/27,4.8,3.5,14.6,20.4,8.2,0
2021/4/28,7.8,3.8,18.2,23.8,10.7,0
2021/4/29,10,4.4,17.2,18.8,16,37
2021/4/30,5,3.4,18.8,24.2,12.7,3
2021/5/1,6.8,4,17.7,24.1,12.5,8
2021/5/2,5.5,4.2,16.3,23.5,12.5,2
2021/5/3,5.3,3.7,16.4,22.8,11.4,0
2021/5/4,5,2.6,18,24.5,10.9,0
2021/5/5,9.3,5.3,18.3,22.1,14,3
2021/5/6,10,2.8,18.5,24.4,15.6,3.5
2021/5/7,10,1.8,17.5,20.5,15.3,1
2021/5/8,5.5,2.9,19.5,24.9,12.9,0
2021/5/9,4.8,4.3,23,28.5,17.6,0
2021/5/10,6.8,3.4,20.2,25.1,16.1,0
2021/5/11,9.8,2.3,17.5,19.9,15,0
2021/5/12,10,3.1,17.9,21.2,15.3,0
2021/5/13,10,1.8,16.1,18.2,14.4,12
2021/5/14,10,2.4,20.8,26.9,15.9,0
2021/5/15,9,3.7,21.2,26.4,17.1,0
2021/5/16,9.5,3.5,20,22.4,18.3,1
2021/5/17,9.3,6.1,23,25,19.8,0.5
2021/5/18,9.8,2.6,20.5,22.8,16.6,1
2021/5/19,10,1.5,17.2,18.4,16.1,9.5
2021/5/20,10,1.6,19.1,22.3,16.2,2
2021/5/21,10,4.9,21.7,25.2,16.8,5
2021/5/22,10,3.3,20,23.4,17.5,2
2021/5/23,5.8,3,19.6,25.4,15,5.5
2021/5/24,8.8,2.9,22.1,28,16.4,0
2021/5/25,7.5,3.6,22.4,28.9,17,0
2021/5/26,10,2.8,21.1,26,16.9,0
2021/5/27,10,2.1,16.9,20.3,15.5,35.5
2021/5/28,10,2.9,20.5,26.1,15,0
2021/5/29,8,3.4,22.8,28.3,18.3,0
2021/5/30,8.5,2.8,21.2,26.8,17.8,0.5
2021/5/31,8.3,3.1,20.6,25.2,16.4,7.5
2021/6/1,5,3.1,20.1,25.7,15.1,0.5
2021/6/2,10,3,22,26.4,19,0
2021/6/3,8,3.2,22.1,27.4,18.1,3
2021/6/4,10,5.2,21,23.9,19.3,23
2021/6/5,10,2.9,22.1,26.7,19.1,0
2021/6/6,10,1.8,21.7,24,19.5,0.5
2021/6/7,9.5,2,23.4,29.7,19.7,0
2021/6/8,6.8,2.2,24.8,31.4,18.8,0
2021/6/9,1.5,2.8,24.5,31.1,19.5,0
2021/6/10,0.8,2.7,24.1,30.7,19,0
2021/6/11,9.5,3.4,23.7,29.4,20.6,0
2021/6/12,8.5,3.7,23.3,28.1,19.5,0
2021/6/13,10,2.7,24.3,28.1,21.2,0
2021/6/14,10,2.2,21,23.7,19,3.5
2021/6/15,7,2.5,23.4,29.5,18.8,1
2021/6/16,10,2.3,22.2,24.9,20.6,30.5
2021/6/17,8.3,2.7,21.8,26.7,18.9,3.5
2021/6/18,10,3,22.8,27.4,18.5,0
2021/6/19,10,2.9,20.3,23.1,19.2,12
2021/6/20,10,2.4,22.8,28.6,19.5,14.5
2021/6/21,7.3,2.6,22.9,27.9,19.6,0
2021/6/22,8.5,2.9,23.1,28.6,19.1,0
2021/6/23,10,2.2,22,25.6,20.6,1.5
2021/6/24,8.8,2.8,22.8,27.2,19.1,0
2021/6/25,8.8,2.7,23.3,27.5,20.7,19
2021/6/26,10,2,24.2,28.4,20.5,0
2021/6/27,10,2.1,23.7,26.7,21.6,0
2021/6/28,7.5,2.5,24.4,29.6,20.1,0
2021/6/29,9.5,2.9,21.9,28.4,18.8,53
2021/6/30,10,1.9,20.6,23.1,18.4,3
2021/7/1,10,1.8,20.9,22.9,20.1,64.5
2021/7/2,10,1.4,21.2,22.2,20.3,68
2021/7/3,10,2.1,22.2,25.8,20.5,53.5
2021/7/4,10,1.5,20.1,21.1,19.3,17.5
2021/7/5,10,1.3,22.1,25.1,19.9,2.5
2021/7/6,10,1.6,24.7,29.6,22,0.5
2021/7/7,9.8,2,25.8,30,22.9,0.5
2021/7/8,10,2.2,23.7,24.8,22.3,7.5
2021/7/9,10,1.4,23.5,24.9,22.2,9
2021/7/10,8.5,2.5,27,33.4,22.7,4.5
2021/7/11,6.3,1.7,24.7,31.8,21.2,17.5
2021/7/12,8,2,25.8,31.6,21,0
2021/7/13,10,2,25.5,29,23.4,0
2021/7/14,10,2.4,25.3,28.8,22.8,0
2021/7/15,9,2.5,26.4,31.1,23,0
2021/7/16,6.3,2.7,27.7,33.2,24.1,0
2021/7/17,4.3,2.8,27.4,32.6,23.5,0
2021/7/18,2.8,3.7,28.1,33.2,23.7,0
2021/7/19,3.3,2.7,29.2,34.7,25.1,0
2021/7/20,9,2.9,28.8,34,25.6,0
2021/7/21,4.3,2.8,28.4,33.6,24.3,0
2021/7/22,2.3,2.9,28.4,34.2,24.1,0
2021/7/23,6,2.9,28.4,34,24.6,0
2021/7/24,4.8,2.9,28.5,34.4,25.3,0
2021/7/25,4.5,2.5,28.5,34.4,24.7,0
2021/7/26,9.5,2.9,27.5,32.1,24.6,0
2021/7/27,8.5,3.1,24.9,29.8,21.3,34.5
2021/7/28,8,3.4,27.7,32,23.9,0
2021/7/29,8,3.6,27.8,32.1,24.3,0
2021/7/30,9.3,2.4,25.8,30.5,23.9,30
2021/7/31,7,2.2,27.5,32.5,23.3,0
2021/8/1,2.3,3.2,28.7,33.7,24.2,0
2021/8/2,7,3.4,28.6,33.1,25.6,0.5
2021/8/3,6.3,4,29,32.9,25.7,3
2021/8/4,2.8,3,29.5,34.5,25.7,0
2021/8/5,5.8,2.8,29.1,34.7,24,0
2021/8/6,4,2.9,29.1,34.8,24.6,0
2021/8/7,9,2.5,27.9,31.4,26.3,2
2021/8/8,10,3,25.9,28.8,24.7,90.5
2021/8/9,6,6.1,28.1,31.3,25.6,2
2021/8/10,4.8,4.7,31,36.8,27.2,0
2021/8/11,9.3,2.9,29.2,33.5,25.9,0
2021/8/12,9.5,2.4,26,29.2,23.9,0.5
2021/8/13,10,2.7,22.5,25.4,20.5,20.5
2021/8/14,10,2.7,22.3,25.6,20.1,77
2021/8/15,10,2,19.3,20.2,18.4,138.5
2021/8/16,10,1.8,20.7,22.5,19,2
2021/8/17,10,2.4,23.7,27.4,20.7,23.5
2021/8/18,6.5,5.2,27,31.3,24.5,3
2021/8/19,5.8,4.8,28.5,33.8,25.1,0
2021/8/20,2.8,4.4,28.7,33.7,25.2,0
2021/8/21,8.8,3.2,27.9,32.1,24.8,0
2021/8/22,10,2.5,28.5,33.6,25.5,0
2021/8/23,10,2.3,26.9,30.3,22.2,2.5
2021/8/24,9.8,2.8,27.5,31,23.9,0
2021/8/25,8.8,2.5,29.4,34.4,26.3,0
2021/8/26,4.8,2.3,30.5,35.7,26.6,0
2021/8/27,2.8,2.5,30,34.3,26.9,0
2021/8/28,3,2.4,29.8,34.8,26.7,0
2021/8/29,7.3,2.7,28.5,32.8,26.5,0
2021/8/30,4.8,2.8,29.2,33.8,26.1,0
2021/8/31,10,2.9,26.9,32.4,21.2,17
2021/9/1,10,2.2,20.7,23.5,18.3,3
2021/9/2,10,2.1,19.4,20.6,18.4,18.5
2021/9/3,10,2.2,19.7,21.4,18.7,17
2021/9/4,10,2.2,20.6,22.9,19.2,14
2021/9/5,9.3,2.7,21,24.7,18.6,10
2021/9/6,9.8,2.4,19.9,21.8,18.1,8.5
2021/9/7,8,2.5,20.4,24.4,16.8,0
2021/9/8,10,1.5,20.3,25,16.9,0.5
2021/9/9,10,1.6,20.5,22.5,18.3,14
2021/9/10,4,2.5,24.8,30,20.6,0
2021/9/11,10,1.6,25,29.1,22.7,0
2021/9/12,10,1.9,24.4,26.9,22.8,0
2021/9/13,10,2.6,25.2,30.7,21.5,0
2021/9/14,10,2.1,22.8,25.7,19.8,5.5
2021/9/15,8,2.3,22.9,28.5,19.4,1.5
2021/9/16,4.5,2.9,22.3,27.4,19.4,0
2021/9/17,10,2.4,22.3,25.2,17.6,0
2021/9/18,10,3.5,23.7,26,22,124.5
2021/9/19,3.5,3.1,23.9,29.2,19,0
2021/9/20,0.3,2.5,22.4,28.3,17.8,0
2021/9/21,6,2.2,22.7,27.9,18.6,0
2021/9/22,8.5,3.1,24.9,29.5,20.6,1
2021/9/23,5.3,2.3,26.6,31.7,22.9,0
2021/9/24,5.3,2.7,25.4,30.6,21.2,0
2021/9/25,9.5,3.5,22.1,24.5,20.3,0
2021/9/26,8.3,2.2,19.9,21.3,18.2,0
2021/9/27,6,2.7,20.1,24.8,17,0
2021/9/28,8.5,2.4,21.1,26.6,16.9,0
2021/9/29,7.3,2.1,21.9,26.3,17.5,0
2021/9/30,7.8,2,23.2,29.2,19.3,4.5
2021/10/1,10,3.8,19,21.3,17.2,113
2021/10/2,1.8,2.3,21.9,30.1,15.2,2
2021/10/3,1,2.4,22.1,27.7,18,0
2021/10/4,5.8,2.8,23.5,29.7,18.6,0
2021/10/5,5,2.8,23.9,29.1,19.3,0
2021/10/6,7.5,2.8,22.8,28.5,19.5,0
2021/10/7,10,1.7,21.3,24.1,18.2,0
2021/10/8,3.8,2.4,24.2,29.2,20.2,0
2021/10/9,7.8,3,22.7,28.1,20.3,0
2021/10/10,6.8,2.3,22.2,26.7,19.7,0
2021/10/11,1.3,2.6,24,29.3,19.5,0
2021/10/12,10,3.1,20.5,23.8,17.9,2.5
2021/10/13,10,2.3,17.4,18.5,16.4,10.5
2021/10/14,5.3,2,19.1,24.5,15.9,0
2021/10/15,5,1.9,20.7,25.4,16.6,0
2021/10/16,10,2.1,21,23.2,18.9,0.5
2021/10/17,8,3.3,15.7,21.2,11.1,13.5
2021/10/18,5.8,3,13.6,18.8,9.2,0
2021/10/19,10,2.6,13.5,15.4,11.5,9
2021/10/20,3,3.5,16.1,22.3,11.6,0
2021/10/21,6.8,2.6,15.4,19.3,12.3,0
2021/10/22,10,2.3,11.2,15.3,10.2,9.5
2021/10/23,1.8,3.2,13.6,19.2,8.6,0
2021/10/24,2,1.7,13.4,19.5,7.9,0
2021/10/25,10,2.3,14,17.3,10.9,5.5
2021/10/26,7.3,2.8,15,20.4,11.2,30
2021/10/27,8.5,1.5,14.5,16.6,12.8,1
2021/10/28,4.5,2.2,17.6,23,13.7,0.5
2021/10/29,0.3,2.6,15.3,20,10.9,0
2021/10/30,2.5,2,14.5,20.4,9.5,0
2021/10/31,9.3,1.6,13.6,16.4,12.3,2
2021/11/1,10,1.8,16.8,21.4,12.4,0
2021/11/2,8.5,1.9,17.7,21.9,15.3,0
2021/11/3,6,2,17.1,22.1,13.5,0
2021/11/4,7,1.8,15.5,20.3,11.6,0
2021/11/5,0,2.1,15.3,20.3,11.5,0
2021/11/6,3.8,2,14.9,19.6,10.6,0
2021/11/7,9.5,2.4,15.7,19.2,12.2,1
2021/11/8,7.5,2.4,16.4,21.5,12.7,1.5
2021/11/9,10,2,16.1,19.8,14.2,47.5
2021/11/10,4.8,3.3,16,20.9,13.6,0
2021/11/11,0,2.9,15.4,20.7,10.8,0
2021/11/12,4.8,2.1,14.5,21.5,9.7,0
2021/11/13,0.5,2.2,13.1,18.4,8.6,0
2021/11/14,6.8,1.9,14,19.6,8.9,0
2021/11/15,0,1.7,14.3,20.4,9.5,0
2021/11/16,9.8,2.2,14.2,18.8,11.2,0
2021/11/17,5.5,2.1,13.5,17.6,9.8,0
2021/11/18,7.8,1.8,12.6,17.4,9.6,0
2021/11/19,8.8,1.8,12.5,17.6,8.4,0
2021/11/20,0,2,13.2,18.7,8.3,0
2021/11/21,7.5,1.5,12.5,15.8,9.4,12.5
2021/11/22,10,2.2,13.5,16.6,11.9,24.5
2021/11/23,6.3,2.5,12.5,17,7.9,0
2021/11/24,0,2.9,11.4,16.9,7.2,0
2021/11/25,0,2.3,12.3,18.5,6,0
2021/11/26,0,2,12,17.3,8.3,0
2021/11/27,0.3,3.7,9.6,13.8,6.2,0
2021/11/28,0,2.9,8.9,14.4,3.8,0
2021/11/29,5,1.6,8.1,13.6,4,0
2021/11/30,3.8,2.1,11,16.1,3.8,6
2021/12/1,7.3,3.6,15.5,20.3,9.7,54.5
2021/12/2,2.3,2.6,10.1,13.8,6.1,0
2021/12/3,1,2.1,9.7,16.1,4.6,0
2021/12/4,0,1.6,9.9,14.9,5.1,0
2021/12/5,5.3,2.6,8.6,11.9,5.4,0
2021/12/6,10,2.4,8.9,10.8,6.6,0
2021/12/7,10,2.4,11.8,14.9,9.5,9.5
2021/12/8,10,3.6,9.5,10.6,8.3,36.5
2021/12/9,7.3,2.8,10.2,14.2,8.2,0
2021/12/10,10,2,8.6,12.5,6.3,0
2021/12/11,0.8,1.5,9.4,15.4,4.1,0
2021/12/12,7,1.7,11.3,16.7,7.9,0
2021/12/13,0.3,3.7,9.7,13,5.8,0
2021/12/14,7.3,2.1,5.1,6.4,3.6,5.5
2021/12/15,0,1.2,7.6,14.3,2.6,0
2021/12/16,5.8,1.7,9.5,14.7,4.2,0
2021/12/17,7.5,2.8,8.7,11.9,4.9,6
2021/12/18,0,4.1,4.5,8.5,1.7,0
2021/12/19,0,1.4,4.3,10,-0.7,0
2021/12/20,3,2,6.4,11.9,0.8,0
2021/12/21,0,1.6,8.2,15.2,2,0
2021/12/22,2,3.5,8.8,13.5,5,0
2021/12/23,2.5,3.5,8.3,13.2,5,0
2021/12/24,4,1.8,8,13.2,3.6,0.5
2021/12/25,9.3,2.2,8.3,14.1,4.7,3.5
2021/12/26,4,3.9,3.5,7.6,-0.2,0
2021/12/27,0.5,2,2.7,8.1,-2.2,0
2021/12/28,0,2.4,3.8,9.5,-1.6,0
2021/12/29,7,1.6,4.2,8.9,0.9,0
2021/12/30,2.3,2,6.5,14.5,0.6,0
2021/12/31,4.3,3,3.2,6,0.1,0
2022/1/1,0,4.1,3.4,7.8,-1,0
2022/1/2,2.5,2,3.5,7.9,0.4,0
2022/1/3,0.3,2.2,5.5,10.5,0.5,0
2022/1/4,0.3,2.5,5.2,12.4,0.6,0
2022/1/5,2.5,3.5,4.1,8.7,0.6,0
2022/1/6,7.8,2,0.7,2.6,-1.7,6.5
2022/1/7,0.3,2.6,2.6,8.4,-3.5,0
2022/1/8,1,1.9,4.5,9.5,-0.2,0
2022/1/9,5,1.5,6.3,13.4,-0.5,0
2022/1/10,9.8,2,7.7,9.6,6.1,0
2022/1/11,10,1.9,5.7,7.2,4.3,16
2022/1/12,0,3.5,5,8.6,2.4,0
2022/1/13,5.5,3.6,5.7,11.5,2.3,0
2022/1/14,0,4.5,4.4,8.6,0.7,0
2022/1/15,7.5,3,5.5,10.5,-0.2,0
2022/1/16,0,1.6,5.4,11.1,0.3,0
2022/1/17,7.3,1.5,6,11.8,1.4,0
2022/1/18,0.3,3.8,4.4,8.7,1.6,0
2022/1/19,2.3,2.4,3.7,8.1,0.6,0
2022/1/20,0,3.4,3.4,8.4,-1,0
2022/1/21,1,3.9,3,7.8,-0.9,0
2022/1/22,2.5,2.4,4.5,9.9,-0.1,0
2022/1/23,9.5,1.9,5.1,7.7,1.6,0
2022/1/24,7,2.6,6.4,11,1.4,0
2022/1/25,5,1.9,5.2,9.6,0.3,0
2022/1/26,5.8,1.9,5.5,9.5,3.7,0
2022/1/27,5.8,3.1,6.8,11.9,2,0
2022/1/28,7.3,2.5,6.6,11.8,4.1,0
2022/1/29,9,2.2,5.9,10,3.7,0
2022/1/30,9,2.6,5.2,8.2,2.2,0
2022/1/31,0.8,3.3,4.9,10,1.5,0
2022/2/1,0.8,2.5,5.6,11.2,1.1,0
2022/2/2,0.5,2.5,5.5,11.1,0.9,0
2022/2/3,5,1.8,5.8,11.8,0.6,0
2022/2/4,7.5,1.9,4.9,8.5,2.4,0
2022/2/5,2.5,3.5,3.5,9.2,0.3,0
2022/2/6,2.5,2.3,2.3,8.2,-1.9,0
2022/2/7,1.8,2.4,4.5,9.7,-0.5,0
2022/2/8,9.3,2,5.3,9.1,2.2,0
2022/2/9,6.5,2.6,6.2,10.8,1.8,0
2022/2/10,10,2.6,2.3,6.1,0.6,27
2022/2/11,4.8,2.8,4.1,9.2,0.7,2.5
2022/2/12,5,1.9,4.7,9.9,0.2,0
2022/2/13,7.5,1.9,3.1,5,0.8,22.5
2022/2/14,7.3,2.2,3.9,8,0.8,3.5
2022/2/15,3.3,1.9,5.5,11.6,1.1,0
2022/2/16,3.8,2.4,6,11.8,1.3,0
2022/2/17,3.3,3.1,4.6,9.7,0.5,0
2022/2/18,0,3.4,5.7,11.4,-0.2,0
2022/2/19,7.5,1.8,5,8.9,1.5,6.5
2022/2/20,7.5,2.9,5.9,10,2.4,9
2022/2/21,0,3.7,4.1,8.7,1.2,0
2022/2/22,0.8,2.3,4.4,10,-0.5,0
2022/2/23,2.3,2.4,4.4,10.3,0.1,0
2022/2/24,4,3.7,4.8,10.1,1.7,0
2022/2/25,0,2.4,6.5,13.4,-0.1,0
2022/2/26,1.5,3,8.6,14.7,3,0
2022/2/27,2.5,3.4,9.5,18.5,3.2,0
2022/2/28,4.8,2.8,9.8,15.9,4.5,0
2022/3/1,6.8,2,11,18.3,4.9,0
2022/3/2,6.3,2.6,11.2,16.3,7.2,4
2022/3/3,5,2.4,9.5,15,4.7,0
2022/3/4,8.5,2.9,8.1,12.2,4.7,0
2022/3/5,2.8,3.2,11.2,17.9,4.3,0
2022/3/6,3,4.5,8.1,13.9,4.6,0
2022/3/7,5.8,3.8,8.3,14.2,3.9,0
2022/3/8,10,2.4,6.3,8,4.1,0.5
2022/3/9,6,2.2,7.9,13.6,2.6,0
2022/3/10,3.3,2.1,9,14.3,3.7,0
2022/3/11,4,2.6,12,18.7,5.2,0
2022/3/12,2,2.1,14.6,21.8,7.8,0
2022/3/13,10,2.6,14.7,19.5,8.7,0
2022/3/14,7,4,16.4,24.1,7.8,1
2022/3/15,5,2.1,12.7,20.3,7.2,0
2022/3/16,6.5,2.7,14.1,20.3,9.5,0
2022/3/17,7.8,2.6,14.1,21,8.3,0
2022/3/18,10,3.6,5.2,10.3,3.8,48
2022/3/19,7.5,2.9,10.1,18.6,4.4,22
2022/3/20,5.8,2.5,9.9,15.5,4.1,0
2022/3/21,9.3,2.6,9.6,14.1,6.2,0
2022/3/22,10,3.2,3.7,9.9,1.2,18
2022/3/23,10,2.3,5.2,10.5,0.5,1
2022/3/24,3,2,8.2,14.3,2.4,1
2022/3/25,2.5,2.9,12.2,17.6,5.2,0
2022/3/26,10,4.7,16.1,19,13.3,7.5
2022/3/27,10,3.2,16.2,21.4,11.5,0.5
2022/3/28,8.3,2.9,13.5,19,10.7,0
2022/3/29,10,2,10.2,11,9.1,0
2022/3/30,10,3.3,14.5,20.3,9.3,0
2022/3/31,8,2.8,15.1,22.8,8.9,7
2022/4/1,9.8,3.2,7.6,12.4,3.9,16.5
2022/4/2,7.8,3,8.5,12.9,3.6,0
2022/4/3,10,2.6,8.2,10.1,6.6,13.5
2022/4/4,10,3.4,8.5,9.8,6.7,53.5
2022/4/5,9.5,2.8,12.6,17.9,8.2,1.5
2022/4/6,9,2.1,15.5,21.8,10.6,0
2022/4/7,7.8,2.9,14.3,19.2,10.9,0
2022/4/8,0.8,3,15.4,21.7,9.7,0
2022/4/9,0,3.4,17.2,23.8,10.1,0
2022/4/10,0,2.4,19.6,26.8,13,0
2022/4/11,9.8,3.6,18.9,24.7,13.8,0
2022/4/12,2.5,2.8,20,25.6,15.4,0
2022/4/13,7.3,2.3,20.8,26.4,15.2,0
2022/4/14,10,3.2,12.3,20.2,10,4
2022/4/15,10,2.7,10.1,12.1,8.3,19.5
2022/4/16,8.8,2.4,12.5,20.2,8,1
2022/4/17,9.8,2.5,13.7,17.8,9.9,0
2022/4/18,8.5,2.1,14.3,18.2,11.7,28.5
2022/4/19,9,2.4,15.3,20.9,10.6,1
2022/4/20,10,2.1,12.2,14,9.5,1.5
2022/4/21,8.3,2.2,16.4,21.5,12.2,8.5
2022/4/22,5,2.4,19.2,26.2,13.5,29
2022/4/23,8.5,1.8,20.8,26.7,16.5,0
2022/4/24,10,2,17.3,20.3,14.1,3.5
2022/4/25,4.8,2.5,19.9,26.6,13,0
2022/4/26,10,4.3,21.3,23.6,17.9,2.5
2022/4/27,10,4.1,23,27.7,18.9,0.5
2022/4/28,6.8,3.4,16.9,21.1,14.2,0
2022/4/29,7.8,2.6,12.9,16.4,9,40
2022/4/30,2.5,3.7,12.6,18.4,7.4,0
2022/5/1,9.8,2.1,12.7,16.8,10.8,12
2022/5/2,8.5,2.7,13.3,19.4,9.5,1
2022/5/3,0.8,2.7,15.2,20.4,9.3,0
2022/5/4,2.5,2.9,17.9,25,10.8,0
2022/5/5,6.5,2.7,19.8,26.3,13.6,0
2022/5/6,10,3.1,19.5,24.5,15.2,0
2022/5/7,8.8,1.8,18.5,22.8,15.4,7.5
2022/5/8,8,3.1,18.3,22.5,16.2,0
2022/5/9,10,2.4,14.1,17.3,11.2,8
2022/5/10,10,2.6,16.5,23,11.2,0.5
2022/5/11,10,2.4,18.7,24.6,13,0
2022/5/12,10,2.4,19.4,25,16.3,2
2022/5/13,10,2.1,18.8,20.6,17.3,28.5
2022/5/14,10,3.4,21.8,25.6,19.6,9.5
2022/5/15,10,2.5,17.5,19.9,14.7,1
2022/5/16,10,2.1,14.5,15.6,13.2,7.5
2022/5/17,10,1.5,15.7,18.2,13.7,0.5
2022/5/18,9,2.5,18.8,24.9,13.4,0
2022/5/19,5,3.2,20.5,26.6,14.2,0
2022/5/20,10,2.6,21.2,25.9,16.3,0
2022/5/21,10,1.8,18.2,20.7,15,39.5
2022/5/22,9,2.7,19,25.9,14,1.5
2022/5/23,8,3,19.6,26.1,16,0.5
2022/5/24,4.3,3.3,20.9,26.2,16.5,0
2022/5/25,7,3.7,21.8,27,18,0
2022/5/26,7.5,3.7,21.6,26.2,17.2,0
2022/5/27,10,4.1,21,24.6,19.2,59.5
2022/5/28,3.5,2.5,22.4,27.7,16.8,0
2022/5/29,2.8,2.8,24.1,31.2,16.6,0
2022/5/30,6.3,3.2,22.3,27.8,18.8,0
2022/5/31,10,2.2,18.7,20.4,16.6,19
2022/6/1,10,2.6,21.8,27.1,17.3,0
2022/6/2,2.3,3.8,22.5,28.1,17.6,0
2022/6/3,6.8,2.5,20.6,27.2,17.3,5
2022/6/4,5.3,3,20.3,25.6,15.8,0
2022/6/5,10,2.9,21.5,26.2,18.2,0
2022/6/6,10,3.2,16.6,18.4,15.7,43.5
2022/6/7,10,2.7,16.8,19.8,15.3,3.5
2022/6/8,10,2.6,17.2,20.5,14.7,0
2022/6/9,8.3,2.4,19.1,24.7,15.9,0
2022/6/10,9.3,2.6,21.2,25.2,18,0
2022/6/11,10,2.7,21.9,25.4,19.4,0.5
2022/6/12,7,2.7,21.4,26.6,18,0.5
2022/6/13,9,3.5,21.2,27.4,17,0
2022/6/14,10,3.2,17.3,18.6,15.4,0.5
2022/6/15,10,1.7,16.9,18.7,15.1,3
2022/6/16,10,1.4,20.3,24.1,17.3,0
2022/6/17,8.8,1.6,22.8,28,19.1,0
2022/6/18,9.8,1.7,22.7,25.9,19.9,2.5
2022/6/19,6.3,2.6,24,28.9,19.5,0
2022/6/20,9.8,2.1,25.1,30.3,21.4,0
2022/6/21,9,2.4,25.2,30.1,22.2,0.5
2022/6/22,10,2.5,23.8,28.6,21.4,4.5
2022/6/23,10,2.4,23.5,26.2,21.6,0
2022/6/24,7.3,5.6,27.5,32.6,22.9,0
2022/6/25,0.8,5.3,30,35.4,25.9,0
2022/6/26,2.3,4,29.6,36.2,25.7,0
2022/6/27,5.5,2.5,29.5,35.7,24.1,0
2022/6/28,3.8,2.5,29.2,35.1,24.8,0
2022/6/29,8,2.8,29.4,35.4,25.3,0
2022/6/30,5,2.7,30.8,36.4,25.3,0
2022/7/1,0.5,2.7,30.4,37,25.4,0
2022/7/2,5,2.9,29.5,35.2,25.4,0
2022/7/3,8.3,2.1,28.9,35.3,25.2,0
2022/7/4,9.3,2,26.5,29.3,24.4,3.5
2022/7/5,9.8,3.2,26.2,32.1,23.9,2
2022/7/6,9.5,3.5,26,31.1,23.6,0
2022/7/7,8,2.9,25.5,31.4,23.1,0
2022/7/8,7.5,2.6,26,31,22.4,0
2022/7/9,7.5,2.8,26.6,32,21.8,0
2022/7/10,6.8,4,27.4,31.8,24.3,0
2022/7/11,8,2.9,28.1,34.4,24.9,0
2022/7/12,10,2.8,25.9,28.5,22.7,32
2022/7/13,10,2.2,23.7,25.2,22.6,53
2022/7/14,10,2.5,23.8,26.9,22.8,22.5
2022/7/15,10,2,23.8,25.3,23,61.5
2022/7/16,10,1.9,23.5,24.7,22.6,9
2022/7/17,7.3,3,25.4,29.8,22.1,1.5
2022/7/18,8,2.2,27.5,32.2,23.1,0
2022/7/19,10,3.1,27.4,31.6,25.6,0
2022/7/20,8.5,3.3,29.7,34.5,24.8,0
2022/7/21,9.8,3.6,28.1,32.8,25,0
2022/7/22,5.8,4.5,28.3,32.8,26.1,1.5
2022/7/23,5.5,2.7,28.7,33.6,25.1,0
2022/7/24,6.3,3.3,28.3,32.8,24.9,0
2022/7/25,6.3,4.3,29.2,33.5,25.5,0
2022/7/26,10,3.5,26.6,29.1,24.9,45.5
2022/7/27,8.5,4.9,29.4,33.6,26.2,0
2022/7/28,7.3,3.7,28.8,32.9,25.5,1
2022/7/29,6.3,3.2,29.1,33.9,24.6,0
2022/7/30,6.8,2.7,29.9,34.5,26.5,0
2022/7/31,3.5,2.4,30.8,35,27.2,0
2022/8/1,8.8,2.8,30.6,35.9,27.1,0
2022/8/2,9.8,2.5,31.6,35.9,27.6,0
2022/8/3,7.3,2.3,31.5,36.1,28.2,0
2022/8/4,10,2.7,24.6,29.7,22.2,18
2022/8/5,9.8,2.9,23.8,27.7,21.6,0
2022/8/6,10,2.4,25.2,28.8,22.3,0
2022/8/7,8.3,2.2,27.6,33,24.4,0
2022/8/8,4.8,4.5,29.8,33.9,26.2,0
2022/8/9,6.8,5.5,30.9,35.7,27.7,0
2022/8/10,6,5.3,30.5,35.3,27.5,0
2022/8/11,6,5.4,29.5,34.3,26.8,0
2022/8/12,9.8,5.8,28.3,32,25.3,2
2022/8/13,10,4.8,25.5,28.6,23.8,47.5
2022/8/14,8.8,2.6,28.2,33.3,23.7,0
2022/8/15,8.8,2.5,29.4,34,25.9,0
2022/8/16,8.3,4.8,31,36.4,27.9,0
2022/8/17,10,2.5,27.3,32.3,23.4,5
2022/8/18,6,2.8,26.8,31.1,23.7,13
2022/8/19,3,3.4,27.5,32.5,22.7,0
2022/8/20,9.8,1.8,26.4,31.2,23.8,1.5
2022/8/21,10,2.1,26,29,23.8,1
2022/8/22,10,2.5,26.2,29.5,23.6,0
2022/8/23,8.3,3.2,28.7,33.5,24.7,0
2022/8/24,10,2.9,27.8,32.7,22.6,2
2022/8/25,10,2,25.7,29.3,23,0
2022/8/26,10,2.1,27,31.3,24.2,3.5
2022/8/27,5.5,3.3,29,33.9,26.5,0
2022/8/28,9.8,3,23.7,28.1,21.4,5
2022/8/29,8,2.8,23.3,28,18.6,0.5
2022/8/30,10,1.9,22.8,26.2,20.2,5
2022/8/31,8.8,3.2,27.1,32.5,22.3,1
2022/9/1,9.8,3.7,27.1,32.7,23.6,23
2022/9/2,10,2.2,23.2,25.1,21.4,15
2022/9/3,7.8,2.2,24.6,29.1,21.5,0
2022/9/4,7,2.2,26.1,31.8,23.1,0
2022/9/5,7.8,2.7,26.6,31.3,23.9,0
2022/9/6,6,3.9,27.8,32,23.9,0
2022/9/7,9.8,2.2,26.8,30,24.4,6
2022/9/8,10,2.4,23.5,26,21.4,1
2022/9/9,9.8,2.3,24.5,28.8,21.6,0.5
2022/9/10,3.5,3.2,25.3,30.6,22,0
2022/9/11,9.8,3,24.4,28.3,21.3,0
2022/9/12,9,2.8,25.8,30.9,22.3,1.5
2022/9/13,9,2.2,26.1,31.2,22,0
2022/9/14,9.3,2.9,26.7,32.3,22.9,0
2022/9/15,9.8,2.4,23.6,27.1,20.9,0
2022/9/16,4.3,2.5,25.1,31.1,19.5,0
2022/9/17,9.5,2.3,26.9,31.1,22.8,0
2022/9/18,10,2.5,25.2,26.7,23.7,72.5
2022/9/19,9.3,5.6,27.1,30.8,24.7,18.5
2022/9/20,10,4.9,22.3,27.8,17,50
2022/9/21,10,3.4,19.5,24.2,16.5,0
2022/9/22,10,2.7,20.3,24.9,17.2,0
2022/9/23,10,2.1,21.7,25.1,19,9.5
2022/9/24,10,2.7,23.1,25.8,20.5,112.5
2022/9/25,4,3,22.9,27.6,20.1,0
2022/9/26,1,2,23.3,29.1,18.5,0
2022/9/27,5.8,2.5,23.2,29,19.4,0
2022/9/28,6.3,2.5,22.8,27.5,18.7,0
2022/9/29,10,2.1,22.4,26.7,20.3,0
2022/9/30,3.3,2.3,23.2,28.3,19.2,0
2022/10/1,2.5,2.6,23.6,29.2,19.8,0
2022/10/2,1.8,2.3,23.5,29.6,18.9,0
2022/10/3,9,2.2,23,27.6,20.1,0
2022/10/4,5.3,4.6,25.2,29.5,20.5,0
2022/10/5,9,3,19.8,25.2,14.3,14
2022/10/6,10,3.2,13.1,15,11.4,9
2022/10/7,10,3.3,12.4,13.3,11.3,53
2022/10/8,9.5,1.8,16.1,20.9,12.1,0
2022/10/9,7.8,2.2,17,21.1,14.3,7.5
2022/10/10,10,1.9,18.1,22.8,14.7,9
2022/10/11,9.8,3,21.6,25.8,17.6,0
2022/10/12,10,2.3,18.5,20,17.4,0
2022/10/13,10,2.6,15.8,17.9,14.9,9.5
2022/10/14,10,2.2,17.9,20.5,14.9,5
2022/10/15,9.5,1.9,20.2,24.7,17.5,0
2022/10/16,7.5,1.7,20,25.5,16.1,0
2022/10/17,10,1.4,20.1,21.9,18.7,1.5
2022/10/18,10,2.9,16.2,18.8,13,4
2022/10/19,8.5,2.1,14.6,18.8,11.4,1.5
2022/10/20,0,2.1,14.7,20.7,9.7,0
2022/10/21,2.5,2.6,16.7,23.2,10.9,0
2022/10/22,8.3,1.5,16.6,20.8,14.1,0
2022/10/23,6.3,1.8,18.2,23.8,13.1,0
2022/10/24,10,3.1,13.3,17.2,11.9,0
2022/10/25,10,2.9,12.8,14.4,10.2,1
2022/10/26,2.5,2.9,13.8,18.9,9.5,3
2022/10/27,5.3,1.8,12.8,17.7,8.5,0
2022/10/28,4.8,1.7,13.5,19.2,9.9,0
2022/10/29,0.5,2.2,15.8,22,10.8,0
2022/10/30,4.8,1.7,13.8,19.2,10.2,0
2022/10/31,0,2.2,14.7,20.1,10.3,0
2022/11/1,10,2.3,14.8,17.6,12.1,0
2022/11/2,2,1.9,16.7,22.8,11.6,0
2022/11/3,2,2.4,17.8,24.3,12.8,0
2022/11/4,7,2.5,15.5,21,11.9,0
2022/11/5,8.5,2,14,17.3,11.7,0
2022/11/6,2,2.1,13.5,18.4,10,0
2022/11/7,6.8,1.8,13.7,18.2,9.6,0
2022/11/8,2.5,2.1,15.9,22.2,11,0
2022/11/9,3.3,2.1,14.6,19.2,10.4,0
2022/11/10,3.8,1.9,15.2,21.8,9.9,0
2022/11/11,0.8,2,16.1,21.6,10.4,0
2022/11/12,2,1.7,16.6,21.8,13.1,0
2022/11/13,7.5,2.9,18,24.1,13,0.5
2022/11/14,7,3.3,16.1,18.8,14.2,0
2022/11/15,7.3,2.1,11.1,14.4,9.4,6
2022/11/16,2.3,2.2,12.4,17.3,8.3,0
2022/11/17,7.3,1.9,12.8,17.7,7.7,0
2022/11/18,3.8,1.9,13.2,17.9,9.2,0
2022/11/19,5.8,2.2,13.7,18.5,8.9,0
2022/11/20,10,2.4,11.6,13.7,10.3,6
2022/11/21,7.5,2.1,13.4,17.8,10.8,3
2022/11/22,5,2.1,15.4,20.4,10.1,0
2022/11/23,10,2.8,11.7,15.3,10.3,42
2022/11/24,7,3,15.3,20.9,9.5,0.5
2022/11/25,2.5,2.2,13.5,17.8,10.5,0.5
2022/11/26,9.8,1.6,12.7,16.6,10.5,1
2022/11/27,2,2.6,14.4,19.2,10.8,0
2022/11/28,10,1.6,11.7,14.3,8.4,0
2022/11/29,10,3.3,16.7,21.3,11.6,10.5
2022/11/30,9.8,2.2,16.6,20.6,13.4,32.5
2022/12/1,10,2.1,10.1,13.6,8.4,0.5
2022/12/2,9,2.5,9.4,13.3,6.1,0
2022/12/3,7,1.8,7.8,11.7,5.4,0
2022/12/4,5.8,1.7,10.2,15.9,4.9,0
2022/12/5,10,2.2,7.6,10.3,5.2,19.5
2022/12/6,7.8,2.1,6.1,8.6,4.1,9.5
2022/12/7,2,1.5,8.5,14.2,3.6,0
2022/12/8,2.5,1.4,9.3,14.9,4.3,0
2022/12/9,6.3,1.8,9.3,13.8,5,0
2022/12/10,5.8,1.8,10.4,15.8,5,0
2022/12/11,7.5,2.3,9.5,15.2,6.4,0
2022/12/12,4,2.2,8.2,11.8,5.8,0
2022/12/13,7.3,1.9,7.2,10.1,5.3,3.5
2022/12/14,0.3,2.9,9.2,15.4,4.9,0
2022/12/15,2,2.2,7,12.4,3,0
2022/12/16,0,1.7,8.2,14.1,2.3,0
2022/12/17,10,1.6,6.7,10.1,4.5,3.5
2022/12/18,4.5,2.8,6.5,11.3,2.8,2.5
2022/12/19,0,2,4.9,10.1,0,0
2022/12/20,0,1.7,5.4,10.9,0.8,0
2022/12/21,10,1.8,6.5,9.9,2.8,0
2022/12/22,7,2.6,7.2,10.7,4.1,17.5
2022/12/23,0.3,4.8,5.4,8.4,2.2,0
2022/12/24,0,3.3,6.2,11.5,-0.1,0
2022/12/25,0.3,3.1,6.9,13.1,1.8,0
2022/12/26,2.3,3.6,6.3,11.4,1.8,0
2022/12/27,0,2.7,6.8,12.3,2,0
2022/12/28,3.3,1.4,6.5,11.9,2.8,0
2022/12/29,0,2,8.1,13.7,2.9,0
2022/12/30,3.3,1.9,6.6,11.8,2.8,0
2022/12/31,3.5,1.6,5.7,10.5,3.1,0
2023/1/1,0,1.7,6.6,13,0.9,0
2023/1/2,2,2.1,6.2,12.1,2,0
2023/1/3,1,2.2,5.8,11,0.5,0
2023/1/4,1.5,2.6,5.6,11,1.3,0
2023/1/5,0,3.2,5.9,10.6,2.6,0
2023/1/6,7.3,1.7,5.3,9.9,0,0
2023/1/7,4.3,1.7,6,10.4,3,0
2023/1/8,1.5,1.8,7,12.5,1.6,0
2023/1/9,0.8,1.9,8,13.9,2.4,0
2023/1/10,1.5,4.9,6.3,9.9,2.8,0
2023/1/11,2.3,1.8,5.4,10.7,1.5,0
2023/1/12,1.5,1.3,6.1,12.6,1.3,0
2023/1/13,5,1.8,8.7,14,3.1,0
2023/1/14,9,2,9.5,14.2,7.1,1.5
2023/1/15,10,2.1,10.3,12,7.6,3
2023/1/16,10,2.1,6.3,7.7,3.6,8
2023/1/17,7,2,4.7,7.6,2.1,1.5
2023/1/18,7.8,2,7.3,12.4,3.8,0
2023/1/19,5,2,6.3,9.1,2.7,0
2023/1/20,2.5,2.1,7.6,12.3,3.9,0.5
2023/1/21,2.5,4.1,5.6,9,3.2,0
2023/1/22,9.8,1.8,4.9,8.9,1.7,0
2023/1/23,10,2.1,4.5,6.1,2.8,0.5
2023/1/24,10,3.7,4.7,11.8,-0.8,0.5
2023/1/25,0.3,4.8,-0.3,3.7,-2.9,0
2023/1/26,1.8,2.1,3,8.5,-3.4,0
2023/1/27,10,1.9,3.8,6.6,1.5,0
2023/1/28,4,3.3,3.7,8.3,0.4,0
2023/1/29,0,2.1,3.4,8.8,-1.6,0
2023/1/30,2,2.6,4.2,10,-0.7,0
2023/1/31,3,3.1,4.6,9,1.3,0
2023/2/1,0.8,3.1,6.8,13.1,-0.7,0
2023/2/2,9.3,4.1,6.4,9.2,4.7,0
2023/2/3,9.5,2.2,4.8,6.2,3.2,0
2023/2/4,3.8,1.8,6.5,11.2,2.2,0
2023/2/5,0,2.1,6.8,12,1.4,0
2023/2/6,4.5,1.8,7.8,13.6,3.2,0
2023/2/7,10,2.3,10.5,15.4,6.7,0
2023/2/8,9.3,2.2,8.7,11.7,5.6,0
2023/2/9,2.5,4,6.2,10.6,2.3,0
2023/2/10,10,2.8,1.9,3.5,0,27.5
2023/2/11,5,2.8,8.7,14.1,2.6,0
2023/2/12,8.3,2.5,11,16.9,4.9,0
2023/2/13,10,2.1,7.7,10.3,4.9,10.5
2023/2/14,8.3,3.5,5.6,10.7,3.3,0
2023/2/15,6,3.9,3.5,7.8,0.8,0
2023/2/16,1.8,2.4,4.1,9.6,-0.7,0
2023/2/17,2.8,1.9,5.7,10.8,0.8,0
2023/2/18,1,1.8,8.9,15,1.8,0
2023/2/19,9.8,2,11.8,18.5,6.9,0
2023/2/20,6,3.4,9.7,14.7,4.7,0
2023/2/21,2.5,5,4.7,9.2,2.2,0
2023/2/22,1.5,2.7,5.5,10.4,0.2,0
2023/2/23,5.5,1.9,8.5,14.4,4.6,0
2023/2/24,10,1.6,8.9,12.1,6,2.5
2023/2/25,6.8,4,7.5,12.7,4,0
2023/2/26,0,4.4,6,10.7,1.9,0
2023/2/27,0,3.3,8.7,15,3,0
2023/2/28,0,3.6,11.6,19.4,3.1,0
2023/3/1,8.5,3.3,13.8,19.4,7.3,0
2023/3/2,6.8,5.1,12.8,20,6.1,0
2023/3/3,2.5,2.5,7.8,13.4,3.6,0
2023/3/4,6,2.4,10.5,17.4,5,0
2023/3/5,10,2.3,9.5,13.1,6.9,0
2023/3/6,6.3,1.9,9.9,15,6.8,1
2023/3/7,0,2.1,12.1,18.8,6.5,0
2023/3/8,2.5,2.5,14,21.3,7.2,0
2023/3/9,5.8,3.4,15.9,22.2,9.4,0
2023/3/10,4.3,3.5,17.3,22.9,12.5,1
2023/3/11,0,2.5,14.7,20.8,9,0
2023/3/12,7.5,2.9,14.5,18.8,9.7,0
2023/3/13,9.8,4,13.9,16.7,9.7,9
2023/3/14,5,2.5,10,14.6,7.1,0
2023/3/15,3.8,2.5,12.3,17.9,6.8,0
2023/3/16,7,2.3,14.5,20.9,8.5,0
2023/3/17,9.5,2.9,12.5,15.1,9.5,0
2023/3/18,10,2.3,8.1,9.5,6.9,32
2023/3/19,2.5,2.5,10,15.5,4.4,0
2023/3/20,3,3.1,13.1,19.2,6.1,0
2023/3/21,8.8,2.1,14.7,18.5,10.8,0
2023/3/22,4.3,2.2,17.2,23.8,12.4,0
2023/3/23,10,2.2,16.5,19.7,13.9,14.5
2023/3/24,10,2.3,18.1,25,13.8,15.5
2023/3/25,10,2.6,11,14.1,9.4,26
2023/3/26,10,2,11.4,12.5,10.4,27
2023/3/27,10,3.1,13.4,16.9,11.2,0
2023/3/28,8.8,2.3,10.2,13.4,7.5,3
2023/3/29,6,2.2,12.6,18.6,8.3,15.5
2023/3/30,6.5,2.4,14.1,19.7,10.1,0.5
2023/3/31,6.3,2.6,15,20.1,10.4,0
2023/4/1,2.3,2.6,16,23.3,10.3,0
2023/4/2,9.8,3.2,14.1,19,11.1,0
2023/4/3,3.8,2.9,12.8,18.4,9.5,0
2023/4/4,2.5,2.3,14,21,7.7,0
2023/4/5,8.8,4,16.1,21.8,9.8,0
2023/4/6,6.8,6.2,18.8,23.4,16.3,0
2023/4/7,9,6.4,18.5,21.3,17,11.5
2023/4/8,8.3,3.1,14.6,21.1,9.1,3.5
2023/4/9,0,3,11.8,17.7,6.6,0
2023/4/10,0,3.5,14.6,21.6,7.4,0
2023/4/11,1.8,4.6,18.2,25,10.9,0
2023/4/12,7.3,5.1,19.2,24.5,14.3,0
2023/4/13,1,3.5,16.1,21.3,10.6,0
2023/4/14,7,3.4,18.2,22.5,13.2,0
2023/4/15,10,2,14.3,18,12.8,33
2023/4/16,5.8,1.8,16.2,24.5,13,13.5
2023/4/17,4.5,3.4,15.1,20.3,10.1,1
2023/4/18,7.3,1.9,13.6,21,9.5,0
2023/4/19,6.5,2.3,18,24.9,10.1,0
2023/4/20,4.3,3.2,20.4,26,16.5,0
2023/4/21,8,3.4,21.6,26.8,17.9,0
2023/4/22,9.3,3,14.9,18.4,12.4,0
2023/4/23,5.3,3.3,14.2,20.5,10,0
2023/4/24,10,2.8,13.2,16,11,0
2023/4/25,6.8,2.6,14.1,19.1,8.5,0
2023/4/26,10,3.1,15.6,19.7,13.4,23.5
2023/4/27,0.5,4.2,17.2,23.8,11.6,0
2023/4/28,5,3.7,18.7,24.1,13.7,0
2023/4/29,7.3,5.7,19.4,23.8,15.3,1
2023/4/30,10,3.4,19.7,22,17,3
2023/5/1,8.8,3,17.8,22.5,13.4,1
2023/5/2,0.3,4.3,17.4,23,12.7,0
2023/5/3,4.3,2.7,17.8,23.4,11.8,0
2023/5/4,0.8,3.1,19.7,25.7,13.8,0
2023/5/5,8,4.6,21.1,26.6,15.9,0
2023/5/6,10,7.3,23,27.9,19.6,0
2023/5/7,10,4.5,17.6,22.3,12.5,43.5
2023/5/8,10,2.8,12.9,16.6,10.3,30.5
2023/5/9,6.8,2.8,15.1,20.6,10.1,0
2023/5/10,5,2.3,17.7,25,11.4,0
2023/5/11,6.8,2.5,15.8,23.4,10.7,9
2023/5/12,6.3,3.1,17.1,21.9,11.3,0
2023/5/13,10,3,16.7,18.1,15.4,5
2023/5/14,10,3.6,16.9,21.2,14.3,3
2023/5/15,9.8,2,16.1,18.1,14.6,15.5
2023/5/16,2.8,2.6,19.9,27.5,13.1,0
2023/5/17,0,2.3,22.8,31.6,15.1,0
